{
  "type": "FeatureCollection",
  "features": [
    {
      "type": "Feature",
      "geometry": {
        "type": "Point",
        "coordinates": [
          -121.61855,
          47.13267
        ]
      },
      "properties": {
        "order_id": "ORD-0001",
        "plant_id": "PLT-001",
        "plant_name": "Cascade Quarry",
        "date": "2024-01-05",
        "volume_tons": 2735,
        "asp": 18.03,
        "delivery_fee": 14.46,
        "total_asp": 32.49,
        "product": "Rip-Rap",
        "product_type": "base",
        "geology": "Hard Rock",
        "dist_from_plant": 37.81
      }
    },
    {
      "type": "Feature",
      "geometry": {
        "type": "Point",
        "coordinates": [
          -121.46928,
          47.94628
        ]
      },
      "properties": {
        "order_id": "ORD-0002",
        "plant_id": "PLT-001",
        "plant_name": "Cascade Quarry",
        "date": "2021-12-08",
        "volume_tons": 5780,
        "asp": 18.94,
        "delivery_fee": 14.1,
        "total_asp": 33.04,
        "product": "Rip-Rap",
        "product_type": "base",
        "geology": "Hard Rock",
        "dist_from_plant": 34.6
      }
    },
    {
      "type": "Feature",
      "geometry": {
        "type": "Point",
        "coordinates": [
          -121.9301,
          48.17962
        ]
      },
      "properties": {
        "order_id": "ORD-0003",
        "plant_id": "PLT-001",
        "plant_name": "Cascade Quarry",
        "date": "2024-05-15",
        "volume_tons": 201,
        "asp": 20.59,
        "delivery_fee": 14.81,
        "total_asp": 35.4,
        "product": "#67 Stone",
        "product_type": "concrete_agg",
        "geology": "Hard Rock",
        "dist_from_plant": 39.26
      }
    },
    {
      "type": "Feature",
      "geometry": {
        "type": "Point",
        "coordinates": [
          -121.30524,
          47.54442
        ]
      },
      "properties": {
        "order_id": "ORD-0004",
        "plant_id": "PLT-001",
        "plant_name": "Cascade Quarry",
        "date": "2021-03-07",
        "volume_tons": 357,
        "asp": 18.41,
        "delivery_fee": 12.2,
        "total_asp": 30.61,
        "product": "Dense-Grade Base",
        "product_type": "base",
        "geology": "Hard Rock",
        "dist_from_plant": 34.31
      }
    },
    {
      "type": "Feature",
      "geometry": {
        "type": "Point",
        "coordinates": [
          -122.64737,
          47.52553
        ]
      },
      "properties": {
        "order_id": "ORD-0005",
        "plant_id": "PLT-001",
        "plant_name": "Cascade Quarry",
        "date": "2020-04-17",
        "volume_tons": 102,
        "asp": 17.79,
        "delivery_fee": 12.3,
        "total_asp": 30.09,
        "product": "#57 Stone",
        "product_type": "concrete_agg",
        "geology": "Hard Rock",
        "dist_from_plant": 33.65
      }
    },
    {
      "type": "Feature",
      "geometry": {
        "type": "Point",
        "coordinates": [
          -122.13849,
          47.33093
        ]
      },
      "properties": {
        "order_id": "ORD-0006",
        "plant_id": "PLT-001",
        "plant_name": "Cascade Quarry",
        "date": "2024-07-16",
        "volume_tons": 281,
        "asp": 18.53,
        "delivery_fee": 8.34,
        "total_asp": 26.87,
        "product": "Rip-Rap",
        "product_type": "base",
        "geology": "Hard Rock",
        "dist_from_plant": 20.86
      }
    },
    {
      "type": "Feature",
      "geometry": {
        "type": "Point",
        "coordinates": [
          -122.31144,
          47.16993
        ]
      },
      "properties": {
        "order_id": "ORD-0007",
        "plant_id": "PLT-001",
        "plant_name": "Cascade Quarry",
        "date": "2023-05-16",
        "volume_tons": 309,
        "asp": 19.65,
        "delivery_fee": 14.44,
        "total_asp": 34.09,
        "product": "#67 Stone",
        "product_type": "concrete_agg",
        "geology": "Hard Rock",
        "dist_from_plant": 34.6
      }
    },
    {
      "type": "Feature",
      "geometry": {
        "type": "Point",
        "coordinates": [
          -122.48748,
          47.98574
        ]
      },
      "properties": {
        "order_id": "ORD-0008",
        "plant_id": "PLT-001",
        "plant_name": "Cascade Quarry",
        "date": "2023-04-08",
        "volume_tons": 247,
        "asp": 17.63,
        "delivery_fee": 12.51,
        "total_asp": 30.14,
        "product": "Dense-Grade Base",
        "product_type": "base",
        "geology": "Hard Rock",
        "dist_from_plant": 36.0
      }
    },
    {
      "type": "Feature",
      "geometry": {
        "type": "Point",
        "coordinates": [
          -122.19144,
          47.51237
        ]
      },
      "properties": {
        "order_id": "ORD-0009",
        "plant_id": "PLT-001",
        "plant_name": "Cascade Quarry",
        "date": "2021-04-17",
        "volume_tons": 1263,
        "asp": 17.48,
        "delivery_fee": 4.33,
        "total_asp": 21.81,
        "product": "Dense-Grade Base",
        "product_type": "base",
        "geology": "Hard Rock",
        "dist_from_plant": 12.4
      }
    },
    {
      "type": "Feature",
      "geometry": {
        "type": "Point",
        "coordinates": [
          -121.68439,
          47.1549
        ]
      },
      "properties": {
        "order_id": "ORD-0010",
        "plant_id": "PLT-001",
        "plant_name": "Cascade Quarry",
        "date": "2023-07-27",
        "volume_tons": 7523,
        "asp": 19.6,
        "delivery_fee": 12.78,
        "total_asp": 32.38,
        "product": "Rip-Rap",
        "product_type": "base",
        "geology": "Hard Rock",
        "dist_from_plant": 34.94
      }
    },
    {
      "type": "Feature",
      "geometry": {
        "type": "Point",
        "coordinates": [
          -121.33275,
          47.52053
        ]
      },
      "properties": {
        "order_id": "ORD-0011",
        "plant_id": "PLT-001",
        "plant_name": "Cascade Quarry",
        "date": "2021-04-03",
        "volume_tons": 1902,
        "asp": 20.81,
        "delivery_fee": 11.54,
        "total_asp": 32.35,
        "product": "#67 Stone",
        "product_type": "concrete_agg",
        "geology": "Hard Rock",
        "dist_from_plant": 33.22
      }
    },
    {
      "type": "Feature",
      "geometry": {
        "type": "Point",
        "coordinates": [
          -121.73185,
          47.50688
        ]
      },
      "properties": {
        "order_id": "ORD-0012",
        "plant_id": "PLT-001",
        "plant_name": "Cascade Quarry",
        "date": "2024-03-27",
        "volume_tons": 7556,
        "asp": 20.45,
        "delivery_fee": 5.67,
        "total_asp": 26.12,
        "product": "Rip-Rap",
        "product_type": "base",
        "geology": "Hard Rock",
        "dist_from_plant": 14.59
      }
    },
    {
      "type": "Feature",
      "geometry": {
        "type": "Point",
        "coordinates": [
          -122.31236,
          47.44422
        ]
      },
      "properties": {
        "order_id": "ORD-0013",
        "plant_id": "PLT-001",
        "plant_name": "Cascade Quarry",
        "date": "2023-07-27",
        "volume_tons": 3406,
        "asp": 17.43,
        "delivery_fee": 8.15,
        "total_asp": 25.58,
        "product": "Rip-Rap",
        "product_type": "base",
        "geology": "Hard Rock",
        "dist_from_plant": 20.05
      }
    },
    {
      "type": "Feature",
      "geometry": {
        "type": "Point",
        "coordinates": [
          -122.23214,
          48.02998
        ]
      },
      "properties": {
        "order_id": "ORD-0014",
        "plant_id": "PLT-001",
        "plant_name": "Cascade Quarry",
        "date": "2022-09-15",
        "volume_tons": 157,
        "asp": 17.69,
        "delivery_fee": 11.68,
        "total_asp": 29.37,
        "product": "Dense-Grade Base",
        "product_type": "base",
        "geology": "Hard Rock",
        "dist_from_plant": 31.38
      }
    },
    {
      "type": "Feature",
      "geometry": {
        "type": "Point",
        "coordinates": [
          -121.49573,
          47.62489
        ]
      },
      "properties": {
        "order_id": "ORD-0015",
        "plant_id": "PLT-001",
        "plant_name": "Cascade Quarry",
        "date": "2021-06-21",
        "volume_tons": 5834,
        "asp": 21.28,
        "delivery_fee": 10.11,
        "total_asp": 31.39,
        "product": "#57 Stone",
        "product_type": "concrete_agg",
        "geology": "Hard Rock",
        "dist_from_plant": 24.48
      }
    },
    {
      "type": "Feature",
      "geometry": {
        "type": "Point",
        "coordinates": [
          -122.19424,
          47.5155
        ]
      },
      "properties": {
        "order_id": "ORD-0016",
        "plant_id": "PLT-001",
        "plant_name": "Cascade Quarry",
        "date": "2021-05-17",
        "volume_tons": 1704,
        "asp": 19.12,
        "delivery_fee": 4.77,
        "total_asp": 23.89,
        "product": "Dense-Grade Base",
        "product_type": "base",
        "geology": "Hard Rock",
        "dist_from_plant": 12.4
      }
    },
    {
      "type": "Feature",
      "geometry": {
        "type": "Point",
        "coordinates": [
          -122.04768,
          47.232
        ]
      },
      "properties": {
        "order_id": "ORD-0017",
        "plant_id": "PLT-001",
        "plant_name": "Cascade Quarry",
        "date": "2023-05-25",
        "volume_tons": 9110,
        "asp": 20.49,
        "delivery_fee": 9.29,
        "total_asp": 29.78,
        "product": "#67 Stone",
        "product_type": "concrete_agg",
        "geology": "Hard Rock",
        "dist_from_plant": 26.41
      }
    },
    {
      "type": "Feature",
      "geometry": {
        "type": "Point",
        "coordinates": [
          -121.86874,
          47.34948
        ]
      },
      "properties": {
        "order_id": "ORD-0018",
        "plant_id": "PLT-001",
        "plant_name": "Cascade Quarry",
        "date": "2024-04-15",
        "volume_tons": 876,
        "asp": 18.53,
        "delivery_fee": 7.79,
        "total_asp": 26.32,
        "product": "Rip-Rap",
        "product_type": "base",
        "geology": "Hard Rock",
        "dist_from_plant": 19.02
      }
    },
    {
      "type": "Feature",
      "geometry": {
        "type": "Point",
        "coordinates": [
          -122.60121,
          47.63887
        ]
      },
      "properties": {
        "order_id": "ORD-0019",
        "plant_id": "PLT-001",
        "plant_name": "Cascade Quarry",
        "date": "2023-10-24",
        "volume_tons": 7367,
        "asp": 20.57,
        "delivery_fee": 12.42,
        "total_asp": 32.99,
        "product": "Rip-Rap",
        "product_type": "base",
        "geology": "Hard Rock",
        "dist_from_plant": 30.87
      }
    },
    {
      "type": "Feature",
      "geometry": {
        "type": "Point",
        "coordinates": [
          -122.51943,
          47.51222
        ]
      },
      "properties": {
        "order_id": "ORD-0020",
        "plant_id": "PLT-001",
        "plant_name": "Cascade Quarry",
        "date": "2023-03-24",
        "volume_tons": 124,
        "asp": 21.0,
        "delivery_fee": 10.67,
        "total_asp": 31.67,
        "product": "#57 Stone",
        "product_type": "concrete_agg",
        "geology": "Hard Rock",
        "dist_from_plant": 27.59
      }
    },
    {
      "type": "Feature",
      "geometry": {
        "type": "Point",
        "coordinates": [
          -122.48344,
          47.29849
        ]
      },
      "properties": {
        "order_id": "ORD-0021",
        "plant_id": "PLT-001",
        "plant_name": "Cascade Quarry",
        "date": "2024-02-01",
        "volume_tons": 1064,
        "asp": 20.23,
        "delivery_fee": 12.5,
        "total_asp": 32.73,
        "product": "Dense-Grade Base",
        "product_type": "base",
        "geology": "Hard Rock",
        "dist_from_plant": 33.0
      }
    },
    {
      "type": "Feature",
      "geometry": {
        "type": "Point",
        "coordinates": [
          -121.48068,
          47.78893
        ]
      },
      "properties": {
        "order_id": "ORD-0022",
        "plant_id": "PLT-001",
        "plant_name": "Cascade Quarry",
        "date": "2023-06-04",
        "volume_tons": 447,
        "asp": 21.51,
        "delivery_fee": 9.75,
        "total_asp": 31.26,
        "product": "#57 Stone",
        "product_type": "concrete_agg",
        "geology": "Hard Rock",
        "dist_from_plant": 28.02
      }
    },
    {
      "type": "Feature",
      "geometry": {
        "type": "Point",
        "coordinates": [
          -121.80103,
          47.86353
        ]
      },
      "properties": {
        "order_id": "ORD-0023",
        "plant_id": "PLT-001",
        "plant_name": "Cascade Quarry",
        "date": "2024-09-28",
        "volume_tons": 412,
        "asp": 22.87,
        "delivery_fee": 7.85,
        "total_asp": 30.72,
        "product": "#67 Stone",
        "product_type": "concrete_agg",
        "geology": "Hard Rock",
        "dist_from_plant": 19.64
      }
    },
    {
      "type": "Feature",
      "geometry": {
        "type": "Point",
        "coordinates": [
          -121.29733,
          47.63663
        ]
      },
      "properties": {
        "order_id": "ORD-0024",
        "plant_id": "PLT-001",
        "plant_name": "Cascade Quarry",
        "date": "2024-03-17",
        "volume_tons": 449,
        "asp": 19.7,
        "delivery_fee": 12.38,
        "total_asp": 32.08,
        "product": "Dense-Grade Base",
        "product_type": "base",
        "geology": "Hard Rock",
        "dist_from_plant": 34.43
      }
    },
    {
      "type": "Feature",
      "geometry": {
        "type": "Point",
        "coordinates": [
          -122.07472,
          47.2253
        ]
      },
      "properties": {
        "order_id": "ORD-0025",
        "plant_id": "PLT-001",
        "plant_name": "Cascade Quarry",
        "date": "2022-11-26",
        "volume_tons": 593,
        "asp": 19.71,
        "delivery_fee": 9.77,
        "total_asp": 29.48,
        "product": "Rip-Rap",
        "product_type": "base",
        "geology": "Hard Rock",
        "dist_from_plant": 27.06
      }
    },
    {
      "type": "Feature",
      "geometry": {
        "type": "Point",
        "coordinates": [
          -122.31183,
          47.97105
        ]
      },
      "properties": {
        "order_id": "ORD-0026",
        "plant_id": "PLT-001",
        "plant_name": "Cascade Quarry",
        "date": "2021-02-11",
        "volume_tons": 648,
        "asp": 20.72,
        "delivery_fee": 10.43,
        "total_asp": 31.15,
        "product": "#57 Stone",
        "product_type": "concrete_agg",
        "geology": "Hard Rock",
        "dist_from_plant": 29.68
      }
    },
    {
      "type": "Feature",
      "geometry": {
        "type": "Point",
        "coordinates": [
          -121.80856,
          47.97593
        ]
      },
      "properties": {
        "order_id": "ORD-0027",
        "plant_id": "PLT-001",
        "plant_name": "Cascade Quarry",
        "date": "2024-03-01",
        "volume_tons": 1881,
        "asp": 20.67,
        "delivery_fee": 10.21,
        "total_asp": 30.88,
        "product": "#67 Stone",
        "product_type": "concrete_agg",
        "geology": "Hard Rock",
        "dist_from_plant": 26.62
      }
    },
    {
      "type": "Feature",
      "geometry": {
        "type": "Point",
        "coordinates": [
          -122.69768,
          47.50334
        ]
      },
      "properties": {
        "order_id": "ORD-0028",
        "plant_id": "PLT-001",
        "plant_name": "Cascade Quarry",
        "date": "2022-03-21",
        "volume_tons": 8910,
        "asp": 17.29,
        "delivery_fee": 13.12,
        "total_asp": 30.41,
        "product": "Rip-Rap",
        "product_type": "base",
        "geology": "Hard Rock",
        "dist_from_plant": 36.41
      }
    },
    {
      "type": "Feature",
      "geometry": {
        "type": "Point",
        "coordinates": [
          -121.85739,
          47.32748
        ]
      },
      "properties": {
        "order_id": "ORD-0029",
        "plant_id": "PLT-001",
        "plant_name": "Cascade Quarry",
        "date": "2024-11-19",
        "volume_tons": 2291,
        "asp": 20.64,
        "delivery_fee": 7.74,
        "total_asp": 28.38,
        "product": "#57 Stone",
        "product_type": "concrete_agg",
        "geology": "Hard Rock",
        "dist_from_plant": 20.64
      }
    },
    {
      "type": "Feature",
      "geometry": {
        "type": "Point",
        "coordinates": [
          -122.41281,
          47.61428
        ]
      },
      "properties": {
        "order_id": "ORD-0030",
        "plant_id": "PLT-001",
        "plant_name": "Cascade Quarry",
        "date": "2021-11-17",
        "volume_tons": 206,
        "asp": 17.0,
        "delivery_fee": 8.25,
        "total_asp": 25.25,
        "product": "Rip-Rap",
        "product_type": "base",
        "geology": "Hard Rock",
        "dist_from_plant": 21.39
      }
    },
    {
      "type": "Feature",
      "geometry": {
        "type": "Point",
        "coordinates": [
          -122.51645,
          47.82823
        ]
      },
      "properties": {
        "order_id": "ORD-0031",
        "plant_id": "PLT-001",
        "plant_name": "Cascade Quarry",
        "date": "2024-07-29",
        "volume_tons": 358,
        "asp": 19.37,
        "delivery_fee": 11.62,
        "total_asp": 30.99,
        "product": "Rip-Rap",
        "product_type": "base",
        "geology": "Hard Rock",
        "dist_from_plant": 30.47
      }
    },
    {
      "type": "Feature",
      "geometry": {
        "type": "Point",
        "coordinates": [
          -122.3842,
          47.11633
        ]
      },
      "properties": {
        "order_id": "ORD-0032",
        "plant_id": "PLT-001",
        "plant_name": "Cascade Quarry",
        "date": "2023-09-24",
        "volume_tons": 271,
        "asp": 21.1,
        "delivery_fee": 15.85,
        "total_asp": 36.95,
        "product": "#67 Stone",
        "product_type": "concrete_agg",
        "geology": "Hard Rock",
        "dist_from_plant": 39.6
      }
    },
    {
      "type": "Feature",
      "geometry": {
        "type": "Point",
        "coordinates": [
          -121.71002,
          48.07603
        ]
      },
      "properties": {
        "order_id": "ORD-0033",
        "plant_id": "PLT-001",
        "plant_name": "Cascade Quarry",
        "date": "2022-03-20",
        "volume_tons": 3607,
        "asp": 19.14,
        "delivery_fee": 11.94,
        "total_asp": 31.08,
        "product": "#57 Stone",
        "product_type": "concrete_agg",
        "geology": "Hard Rock",
        "dist_from_plant": 34.85
      }
    },
    {
      "type": "Feature",
      "geometry": {
        "type": "Point",
        "coordinates": [
          -122.06117,
          47.33418
        ]
      },
      "properties": {
        "order_id": "ORD-0034",
        "plant_id": "PLT-001",
        "plant_name": "Cascade Quarry",
        "date": "2023-06-25",
        "volume_tons": 113,
        "asp": 18.3,
        "delivery_fee": 8.09,
        "total_asp": 26.39,
        "product": "Dense-Grade Base",
        "product_type": "base",
        "geology": "Hard Rock",
        "dist_from_plant": 19.54
      }
    },
    {
      "type": "Feature",
      "geometry": {
        "type": "Point",
        "coordinates": [
          -122.42961,
          47.23628
        ]
      },
      "properties": {
        "order_id": "ORD-0035",
        "plant_id": "PLT-001",
        "plant_name": "Cascade Quarry",
        "date": "2023-05-24",
        "volume_tons": 489,
        "asp": 20.95,
        "delivery_fee": 13.29,
        "total_asp": 34.24,
        "product": "#57 Stone",
        "product_type": "concrete_agg",
        "geology": "Hard Rock",
        "dist_from_plant": 34.15
      }
    },
    {
      "type": "Feature",
      "geometry": {
        "type": "Point",
        "coordinates": [
          -122.107,
          47.461
        ]
      },
      "properties": {
        "order_id": "ORD-0036",
        "plant_id": "PLT-001",
        "plant_name": "Cascade Quarry",
        "date": "2021-02-24",
        "volume_tons": 9408,
        "asp": 19.03,
        "delivery_fee": 4.93,
        "total_asp": 23.96,
        "product": "Rip-Rap",
        "product_type": "base",
        "geology": "Hard Rock",
        "dist_from_plant": 12.07
      }
    },
    {
      "type": "Feature",
      "geometry": {
        "type": "Point",
        "coordinates": [
          -121.79153,
          47.34192
        ]
      },
      "properties": {
        "order_id": "ORD-0037",
        "plant_id": "PLT-001",
        "plant_name": "Cascade Quarry",
        "date": "2024-05-23",
        "volume_tons": 257,
        "asp": 19.45,
        "delivery_fee": 7.61,
        "total_asp": 27.06,
        "product": "Dense-Grade Base",
        "product_type": "base",
        "geology": "Hard Rock",
        "dist_from_plant": 21.0
      }
    },
    {
      "type": "Feature",
      "geometry": {
        "type": "Point",
        "coordinates": [
          -122.17152,
          47.1223
        ]
      },
      "properties": {
        "order_id": "ORD-0038",
        "plant_id": "PLT-001",
        "plant_name": "Cascade Quarry",
        "date": "2024-12-06",
        "volume_tons": 8263,
        "asp": 22.54,
        "delivery_fee": 13.95,
        "total_asp": 36.49,
        "product": "#67 Stone",
        "product_type": "concrete_agg",
        "geology": "Hard Rock",
        "dist_from_plant": 35.05
      }
    },
    {
      "type": "Feature",
      "geometry": {
        "type": "Point",
        "coordinates": [
          -121.92966,
          47.73371
        ]
      },
      "properties": {
        "order_id": "ORD-0039",
        "plant_id": "PLT-001",
        "plant_name": "Cascade Quarry",
        "date": "2023-10-16",
        "volume_tons": 154,
        "asp": 20.56,
        "delivery_fee": 3.61,
        "total_asp": 24.17,
        "product": "Rip-Rap",
        "product_type": "base",
        "geology": "Hard Rock",
        "dist_from_plant": 8.84
      }
    },
    {
      "type": "Feature",
      "geometry": {
        "type": "Point",
        "coordinates": [
          -121.67056,
          47.72256
        ]
      },
      "properties": {
        "order_id": "ORD-0040",
        "plant_id": "PLT-001",
        "plant_name": "Cascade Quarry",
        "date": "2022-12-11",
        "volume_tons": 1798,
        "asp": 20.04,
        "delivery_fee": 6.04,
        "total_asp": 26.08,
        "product": "#57 Stone",
        "product_type": "concrete_agg",
        "geology": "Hard Rock",
        "dist_from_plant": 17.47
      }
    },
    {
      "type": "Feature",
      "geometry": {
        "type": "Point",
        "coordinates": [
          -122.27232,
          47.173
        ]
      },
      "properties": {
        "order_id": "ORD-0041",
        "plant_id": "PLT-001",
        "plant_name": "Cascade Quarry",
        "date": "2022-11-20",
        "volume_tons": 718,
        "asp": 18.95,
        "delivery_fee": 11.98,
        "total_asp": 30.93,
        "product": "#67 Stone",
        "product_type": "concrete_agg",
        "geology": "Hard Rock",
        "dist_from_plant": 33.53
      }
    },
    {
      "type": "Feature",
      "geometry": {
        "type": "Point",
        "coordinates": [
          -122.12041,
          47.23778
        ]
      },
      "properties": {
        "order_id": "ORD-0042",
        "plant_id": "PLT-001",
        "plant_name": "Cascade Quarry",
        "date": "2021-04-18",
        "volume_tons": 5163,
        "asp": 17.16,
        "delivery_fee": 9.76,
        "total_asp": 26.92,
        "product": "Dense-Grade Base",
        "product_type": "base",
        "geology": "Hard Rock",
        "dist_from_plant": 26.69
      }
    },
    {
      "type": "Feature",
      "geometry": {
        "type": "Point",
        "coordinates": [
          -121.58031,
          47.87544
        ]
      },
      "properties": {
        "order_id": "ORD-0043",
        "plant_id": "PLT-001",
        "plant_name": "Cascade Quarry",
        "date": "2022-02-03",
        "volume_tons": 117,
        "asp": 21.21,
        "delivery_fee": 10.81,
        "total_asp": 32.02,
        "product": "#57 Stone",
        "product_type": "concrete_agg",
        "geology": "Hard Rock",
        "dist_from_plant": 27.2
      }
    },
    {
      "type": "Feature",
      "geometry": {
        "type": "Point",
        "coordinates": [
          -121.45946,
          47.61387
        ]
      },
      "properties": {
        "order_id": "ORD-0044",
        "plant_id": "PLT-001",
        "plant_name": "Cascade Quarry",
        "date": "2024-01-04",
        "volume_tons": 1799,
        "asp": 19.11,
        "delivery_fee": 9.49,
        "total_asp": 28.6,
        "product": "Dense-Grade Base",
        "product_type": "base",
        "geology": "Hard Rock",
        "dist_from_plant": 26.28
      }
    },
    {
      "type": "Feature",
      "geometry": {
        "type": "Point",
        "coordinates": [
          -121.82201,
          47.74377
        ]
      },
      "properties": {
        "order_id": "ORD-0045",
        "plant_id": "PLT-001",
        "plant_name": "Cascade Quarry",
        "date": "2023-10-20",
        "volume_tons": 384,
        "asp": 19.06,
        "delivery_fee": 4.24,
        "total_asp": 23.3,
        "product": "Dense-Grade Base",
        "product_type": "base",
        "geology": "Hard Rock",
        "dist_from_plant": 12.21
      }
    },
    {
      "type": "Feature",
      "geometry": {
        "type": "Point",
        "coordinates": [
          -122.65115,
          47.56319
        ]
      },
      "properties": {
        "order_id": "ORD-0046",
        "plant_id": "PLT-001",
        "plant_name": "Cascade Quarry",
        "date": "2023-03-26",
        "volume_tons": 145,
        "asp": 21.71,
        "delivery_fee": 11.95,
        "total_asp": 33.66,
        "product": "#57 Stone",
        "product_type": "concrete_agg",
        "geology": "Hard Rock",
        "dist_from_plant": 33.48
      }
    },
    {
      "type": "Feature",
      "geometry": {
        "type": "Point",
        "coordinates": [
          -122.48107,
          47.81676
        ]
      },
      "properties": {
        "order_id": "ORD-0047",
        "plant_id": "PLT-001",
        "plant_name": "Cascade Quarry",
        "date": "2022-09-08",
        "volume_tons": 265,
        "asp": 21.49,
        "delivery_fee": 11.1,
        "total_asp": 32.59,
        "product": "#57 Stone",
        "product_type": "concrete_agg",
        "geology": "Hard Rock",
        "dist_from_plant": 28.55
      }
    },
    {
      "type": "Feature",
      "geometry": {
        "type": "Point",
        "coordinates": [
          -121.79853,
          47.58826
        ]
      },
      "properties": {
        "order_id": "ORD-0048",
        "plant_id": "PLT-001",
        "plant_name": "Cascade Quarry",
        "date": "2023-04-22",
        "volume_tons": 588,
        "asp": 20.2,
        "delivery_fee": 3.39,
        "total_asp": 23.59,
        "product": "Dense-Grade Base",
        "product_type": "base",
        "geology": "Hard Rock",
        "dist_from_plant": 9.47
      }
    },
    {
      "type": "Feature",
      "geometry": {
        "type": "Point",
        "coordinates": [
          -121.89319,
          47.73227
        ]
      },
      "properties": {
        "order_id": "ORD-0049",
        "plant_id": "PLT-001",
        "plant_name": "Cascade Quarry",
        "date": "2024-03-11",
        "volume_tons": 373,
        "asp": 21.63,
        "delivery_fee": 3.77,
        "total_asp": 25.4,
        "product": "#67 Stone",
        "product_type": "concrete_agg",
        "geology": "Hard Rock",
        "dist_from_plant": 9.48
      }
    },
    {
      "type": "Feature",
      "geometry": {
        "type": "Point",
        "coordinates": [
          -122.31637,
          47.81329
        ]
      },
      "properties": {
        "order_id": "ORD-0050",
        "plant_id": "PLT-001",
        "plant_name": "Cascade Quarry",
        "date": "2024-04-25",
        "volume_tons": 7677,
        "asp": 18.76,
        "delivery_fee": 7.99,
        "total_asp": 26.75,
        "product": "Dense-Grade Base",
        "product_type": "base",
        "geology": "Hard Rock",
        "dist_from_plant": 21.62
      }
    },
    {
      "type": "Feature",
      "geometry": {
        "type": "Point",
        "coordinates": [
          -122.53288,
          47.26262
        ]
      },
      "properties": {
        "order_id": "ORD-0051",
        "plant_id": "PLT-001",
        "plant_name": "Cascade Quarry",
        "date": "2023-08-27",
        "volume_tons": 1472,
        "asp": 20.44,
        "delivery_fee": 12.97,
        "total_asp": 33.41,
        "product": "#57 Stone",
        "product_type": "concrete_agg",
        "geology": "Hard Rock",
        "dist_from_plant": 36.49
      }
    },
    {
      "type": "Feature",
      "geometry": {
        "type": "Point",
        "coordinates": [
          -122.68402,
          47.44011
        ]
      },
      "properties": {
        "order_id": "ORD-0052",
        "plant_id": "PLT-001",
        "plant_name": "Cascade Quarry",
        "date": "2021-06-11",
        "volume_tons": 1253,
        "asp": 17.15,
        "delivery_fee": 14.53,
        "total_asp": 31.68,
        "product": "Rip-Rap",
        "product_type": "base",
        "geology": "Hard Rock",
        "dist_from_plant": 36.91
      }
    },
    {
      "type": "Feature",
      "geometry": {
        "type": "Point",
        "coordinates": [
          -121.35277,
          47.35245
        ]
      },
      "properties": {
        "order_id": "ORD-0053",
        "plant_id": "PLT-001",
        "plant_name": "Cascade Quarry",
        "date": "2021-09-18",
        "volume_tons": 9946,
        "asp": 21.44,
        "delivery_fee": 12.8,
        "total_asp": 34.24,
        "product": "#67 Stone",
        "product_type": "concrete_agg",
        "geology": "Hard Rock",
        "dist_from_plant": 36.33
      }
    },
    {
      "type": "Feature",
      "geometry": {
        "type": "Point",
        "coordinates": [
          -122.36081,
          47.67276
        ]
      },
      "properties": {
        "order_id": "ORD-0054",
        "plant_id": "PLT-001",
        "plant_name": "Cascade Quarry",
        "date": "2024-08-03",
        "volume_tons": 689,
        "asp": 21.2,
        "delivery_fee": 7.22,
        "total_asp": 28.42,
        "product": "#57 Stone",
        "product_type": "concrete_agg",
        "geology": "Hard Rock",
        "dist_from_plant": 19.25
      }
    },
    {
      "type": "Feature",
      "geometry": {
        "type": "Point",
        "coordinates": [
          -121.25387,
          47.44394
        ]
      },
      "properties": {
        "order_id": "ORD-0055",
        "plant_id": "PLT-001",
        "plant_name": "Cascade Quarry",
        "date": "2024-05-01",
        "volume_tons": 281,
        "asp": 22.31,
        "delivery_fee": 15.93,
        "total_asp": 38.24,
        "product": "#57 Stone",
        "product_type": "concrete_agg",
        "geology": "Hard Rock",
        "dist_from_plant": 38.35
      }
    },
    {
      "type": "Feature",
      "geometry": {
        "type": "Point",
        "coordinates": [
          -121.56579,
          47.77806
        ]
      },
      "properties": {
        "order_id": "ORD-0056",
        "plant_id": "PLT-001",
        "plant_name": "Cascade Quarry",
        "date": "2023-02-22",
        "volume_tons": 3774,
        "asp": 20.52,
        "delivery_fee": 9.07,
        "total_asp": 29.59,
        "product": "#57 Stone",
        "product_type": "concrete_agg",
        "geology": "Hard Rock",
        "dist_from_plant": 23.89
      }
    },
    {
      "type": "Feature",
      "geometry": {
        "type": "Point",
        "coordinates": [
          -122.05277,
          47.96866
        ]
      },
      "properties": {
        "order_id": "ORD-0057",
        "plant_id": "PLT-001",
        "plant_name": "Cascade Quarry",
        "date": "2023-05-01",
        "volume_tons": 110,
        "asp": 19.74,
        "delivery_fee": 10.07,
        "total_asp": 29.81,
        "product": "#57 Stone",
        "product_type": "concrete_agg",
        "geology": "Hard Rock",
        "dist_from_plant": 24.84
      }
    },
    {
      "type": "Feature",
      "geometry": {
        "type": "Point",
        "coordinates": [
          -122.33022,
          47.91842
        ]
      },
      "properties": {
        "order_id": "ORD-0058",
        "plant_id": "PLT-001",
        "plant_name": "Cascade Quarry",
        "date": "2022-12-26",
        "volume_tons": 176,
        "asp": 19.41,
        "delivery_fee": 10.06,
        "total_asp": 29.47,
        "product": "Dense-Grade Base",
        "product_type": "base",
        "geology": "Hard Rock",
        "dist_from_plant": 27.29
      }
    },
    {
      "type": "Feature",
      "geometry": {
        "type": "Point",
        "coordinates": [
          -122.01922,
          47.62643
        ]
      },
      "properties": {
        "order_id": "ORD-0059",
        "plant_id": "PLT-001",
        "plant_name": "Cascade Quarry",
        "date": "2022-07-07",
        "volume_tons": 1344,
        "asp": 18.88,
        "delivery_fee": 0.69,
        "total_asp": 19.57,
        "product": "Dense-Grade Base",
        "product_type": "base",
        "geology": "Hard Rock",
        "dist_from_plant": 1.98
      }
    },
    {
      "type": "Feature",
      "geometry": {
        "type": "Point",
        "coordinates": [
          -122.50837,
          47.32226
        ]
      },
      "properties": {
        "order_id": "ORD-0060",
        "plant_id": "PLT-001",
        "plant_name": "Cascade Quarry",
        "date": "2022-06-14",
        "volume_tons": 3305,
        "asp": 16.98,
        "delivery_fee": 12.95,
        "total_asp": 29.93,
        "product": "Dense-Grade Base",
        "product_type": "base",
        "geology": "Hard Rock",
        "dist_from_plant": 32.93
      }
    },
    {
      "type": "Feature",
      "geometry": {
        "type": "Point",
        "coordinates": [
          -121.53284,
          47.3397
        ]
      },
      "properties": {
        "order_id": "ORD-0061",
        "plant_id": "PLT-001",
        "plant_name": "Cascade Quarry",
        "date": "2023-04-01",
        "volume_tons": 1449,
        "asp": 19.62,
        "delivery_fee": 10.07,
        "total_asp": 29.69,
        "product": "#67 Stone",
        "product_type": "concrete_agg",
        "geology": "Hard Rock",
        "dist_from_plant": 29.4
      }
    },
    {
      "type": "Feature",
      "geometry": {
        "type": "Point",
        "coordinates": [
          -122.70779,
          47.83315
        ]
      },
      "properties": {
        "order_id": "ORD-0062",
        "plant_id": "PLT-001",
        "plant_name": "Cascade Quarry",
        "date": "2024-08-03",
        "volume_tons": 1703,
        "asp": 19.66,
        "delivery_fee": 14.61,
        "total_asp": 34.27,
        "product": "Rip-Rap",
        "product_type": "base",
        "geology": "Hard Rock",
        "dist_from_plant": 39.23
      }
    },
    {
      "type": "Feature",
      "geometry": {
        "type": "Point",
        "coordinates": [
          -122.27904,
          47.52334
        ]
      },
      "properties": {
        "order_id": "ORD-0063",
        "plant_id": "PLT-001",
        "plant_name": "Cascade Quarry",
        "date": "2023-09-27",
        "volume_tons": 460,
        "asp": 20.45,
        "delivery_fee": 6.63,
        "total_asp": 27.08,
        "product": "#67 Stone",
        "product_type": "concrete_agg",
        "geology": "Hard Rock",
        "dist_from_plant": 15.92
      }
    },
    {
      "type": "Feature",
      "geometry": {
        "type": "Point",
        "coordinates": [
          -122.24222,
          47.33585
        ]
      },
      "properties": {
        "order_id": "ORD-0064",
        "plant_id": "PLT-001",
        "plant_name": "Cascade Quarry",
        "date": "2021-07-02",
        "volume_tons": 6556,
        "asp": 20.47,
        "delivery_fee": 7.87,
        "total_asp": 28.34,
        "product": "#67 Stone",
        "product_type": "concrete_agg",
        "geology": "Hard Rock",
        "dist_from_plant": 22.99
      }
    },
    {
      "type": "Feature",
      "geometry": {
        "type": "Point",
        "coordinates": [
          -122.18599,
          47.59022
        ]
      },
      "properties": {
        "order_id": "ORD-0065",
        "plant_id": "PLT-001",
        "plant_name": "Cascade Quarry",
        "date": "2024-03-08",
        "volume_tons": 347,
        "asp": 19.98,
        "delivery_fee": 4.13,
        "total_asp": 24.11,
        "product": "Rip-Rap",
        "product_type": "base",
        "geology": "Hard Rock",
        "dist_from_plant": 10.16
      }
    },
    {
      "type": "Feature",
      "geometry": {
        "type": "Point",
        "coordinates": [
          -121.53859,
          47.74493
        ]
      },
      "properties": {
        "order_id": "ORD-0066",
        "plant_id": "PLT-001",
        "plant_name": "Cascade Quarry",
        "date": "2023-09-17",
        "volume_tons": 445,
        "asp": 19.11,
        "delivery_fee": 9.14,
        "total_asp": 28.25,
        "product": "Rip-Rap",
        "product_type": "base",
        "geology": "Hard Rock",
        "dist_from_plant": 24.13
      }
    },
    {
      "type": "Feature",
      "geometry": {
        "type": "Point",
        "coordinates": [
          -122.09756,
          48.08696
        ]
      },
      "properties": {
        "order_id": "ORD-0067",
        "plant_id": "PLT-001",
        "plant_name": "Cascade Quarry",
        "date": "2021-12-29",
        "volume_tons": 486,
        "asp": 17.58,
        "delivery_fee": 12.74,
        "total_asp": 30.32,
        "product": "Dense-Grade Base",
        "product_type": "base",
        "geology": "Hard Rock",
        "dist_from_plant": 33.25
      }
    },
    {
      "type": "Feature",
      "geometry": {
        "type": "Point",
        "coordinates": [
          -122.68873,
          47.84998
        ]
      },
      "properties": {
        "order_id": "ORD-0068",
        "plant_id": "PLT-001",
        "plant_name": "Cascade Quarry",
        "date": "2021-01-26",
        "volume_tons": 202,
        "asp": 18.01,
        "delivery_fee": 13.41,
        "total_asp": 31.42,
        "product": "#67 Stone",
        "product_type": "concrete_agg",
        "geology": "Hard Rock",
        "dist_from_plant": 38.83
      }
    },
    {
      "type": "Feature",
      "geometry": {
        "type": "Point",
        "coordinates": [
          -122.1982,
          47.44093
        ]
      },
      "properties": {
        "order_id": "ORD-0069",
        "plant_id": "PLT-001",
        "plant_name": "Cascade Quarry",
        "date": "2023-09-23",
        "volume_tons": 272,
        "asp": 20.22,
        "delivery_fee": 6.54,
        "total_asp": 26.76,
        "product": "#67 Stone",
        "product_type": "concrete_agg",
        "geology": "Hard Rock",
        "dist_from_plant": 15.91
      }
    },
    {
      "type": "Feature",
      "geometry": {
        "type": "Point",
        "coordinates": [
          -121.50752,
          48.05336
        ]
      },
      "properties": {
        "order_id": "ORD-0070",
        "plant_id": "PLT-001",
        "plant_name": "Cascade Quarry",
        "date": "2024-06-07",
        "volume_tons": 244,
        "asp": 20.52,
        "delivery_fee": 14.41,
        "total_asp": 34.93,
        "product": "Rip-Rap",
        "product_type": "base",
        "geology": "Hard Rock",
        "dist_from_plant": 38.7
      }
    },
    {
      "type": "Feature",
      "geometry": {
        "type": "Point",
        "coordinates": [
          -122.64071,
          47.65367
        ]
      },
      "properties": {
        "order_id": "ORD-0071",
        "plant_id": "PLT-001",
        "plant_name": "Cascade Quarry",
        "date": "2022-05-10",
        "volume_tons": 1369,
        "asp": 18.74,
        "delivery_fee": 11.53,
        "total_asp": 30.27,
        "product": "Rip-Rap",
        "product_type": "base",
        "geology": "Hard Rock",
        "dist_from_plant": 32.91
      }
    },
    {
      "type": "Feature",
      "geometry": {
        "type": "Point",
        "coordinates": [
          -122.51729,
          47.33989
        ]
      },
      "properties": {
        "order_id": "ORD-0072",
        "plant_id": "PLT-001",
        "plant_name": "Cascade Quarry",
        "date": "2021-10-19",
        "volume_tons": 8841,
        "asp": 20.47,
        "delivery_fee": 13.19,
        "total_asp": 33.66,
        "product": "#57 Stone",
        "product_type": "concrete_agg",
        "geology": "Hard Rock",
        "dist_from_plant": 32.57
      }
    },
    {
      "type": "Feature",
      "geometry": {
        "type": "Point",
        "coordinates": [
          -122.16298,
          47.16151
        ]
      },
      "properties": {
        "order_id": "ORD-0073",
        "plant_id": "PLT-001",
        "plant_name": "Cascade Quarry",
        "date": "2020-10-11",
        "volume_tons": 213,
        "asp": 19.9,
        "delivery_fee": 11.85,
        "total_asp": 31.75,
        "product": "#57 Stone",
        "product_type": "concrete_agg",
        "geology": "Hard Rock",
        "dist_from_plant": 32.33
      }
    },
    {
      "type": "Feature",
      "geometry": {
        "type": "Point",
        "coordinates": [
          -121.38029,
          47.23958
        ]
      },
      "properties": {
        "order_id": "ORD-0074",
        "plant_id": "PLT-001",
        "plant_name": "Cascade Quarry",
        "date": "2023-10-02",
        "volume_tons": 443,
        "asp": 19.74,
        "delivery_fee": 15.32,
        "total_asp": 35.06,
        "product": "Dense-Grade Base",
        "product_type": "base",
        "geology": "Hard Rock",
        "dist_from_plant": 39.68
      }
    },
    {
      "type": "Feature",
      "geometry": {
        "type": "Point",
        "coordinates": [
          -122.2187,
          47.36575
        ]
      },
      "properties": {
        "order_id": "ORD-0075",
        "plant_id": "PLT-001",
        "plant_name": "Cascade Quarry",
        "date": "2020-11-21",
        "volume_tons": 261,
        "asp": 18.04,
        "delivery_fee": 7.46,
        "total_asp": 25.5,
        "product": "#67 Stone",
        "product_type": "concrete_agg",
        "geology": "Hard Rock",
        "dist_from_plant": 20.62
      }
    },
    {
      "type": "Feature",
      "geometry": {
        "type": "Point",
        "coordinates": [
          -121.76565,
          47.23631
        ]
      },
      "properties": {
        "order_id": "ORD-0076",
        "plant_id": "PLT-001",
        "plant_name": "Cascade Quarry",
        "date": "2022-11-16",
        "volume_tons": 1502,
        "asp": 19.49,
        "delivery_fee": 11.09,
        "total_asp": 30.58,
        "product": "Dense-Grade Base",
        "product_type": "base",
        "geology": "Hard Rock",
        "dist_from_plant": 28.15
      }
    },
    {
      "type": "Feature",
      "geometry": {
        "type": "Point",
        "coordinates": [
          -122.24102,
          47.2858
        ]
      },
      "properties": {
        "order_id": "ORD-0077",
        "plant_id": "PLT-001",
        "plant_name": "Cascade Quarry",
        "date": "2021-12-26",
        "volume_tons": 2822,
        "asp": 19.05,
        "delivery_fee": 9.77,
        "total_asp": 28.82,
        "product": "#67 Stone",
        "product_type": "concrete_agg",
        "geology": "Hard Rock",
        "dist_from_plant": 25.89
      }
    },
    {
      "type": "Feature",
      "geometry": {
        "type": "Point",
        "coordinates": [
          -121.31214,
          47.87085
        ]
      },
      "properties": {
        "order_id": "ORD-0078",
        "plant_id": "PLT-001",
        "plant_name": "Cascade Quarry",
        "date": "2023-01-22",
        "volume_tons": 1267,
        "asp": 21.78,
        "delivery_fee": 15.33,
        "total_asp": 37.11,
        "product": "#57 Stone",
        "product_type": "concrete_agg",
        "geology": "Hard Rock",
        "dist_from_plant": 38.09
      }
    },
    {
      "type": "Feature",
      "geometry": {
        "type": "Point",
        "coordinates": [
          -122.66309,
          47.40405
        ]
      },
      "properties": {
        "order_id": "ORD-0079",
        "plant_id": "PLT-001",
        "plant_name": "Cascade Quarry",
        "date": "2023-10-18",
        "volume_tons": 1850,
        "asp": 19.08,
        "delivery_fee": 13.08,
        "total_asp": 32.16,
        "product": "Rip-Rap",
        "product_type": "base",
        "geology": "Hard Rock",
        "dist_from_plant": 36.82
      }
    },
    {
      "type": "Feature",
      "geometry": {
        "type": "Point",
        "coordinates": [
          -122.40836,
          47.90047
        ]
      },
      "properties": {
        "order_id": "ORD-0080",
        "plant_id": "PLT-001",
        "plant_name": "Cascade Quarry",
        "date": "2024-11-24",
        "volume_tons": 5410,
        "asp": 21.86,
        "delivery_fee": 10.97,
        "total_asp": 32.83,
        "product": "#57 Stone",
        "product_type": "concrete_agg",
        "geology": "Hard Rock",
        "dist_from_plant": 29.06
      }
    },
    {
      "type": "Feature",
      "geometry": {
        "type": "Point",
        "coordinates": [
          -122.57641,
          47.24413
        ]
      },
      "properties": {
        "order_id": "ORD-0081",
        "plant_id": "PLT-001",
        "plant_name": "Cascade Quarry",
        "date": "2020-12-08",
        "volume_tons": 1704,
        "asp": 20.34,
        "delivery_fee": 15.18,
        "total_asp": 35.52,
        "product": "#67 Stone",
        "product_type": "concrete_agg",
        "geology": "Hard Rock",
        "dist_from_plant": 38.97
      }
    },
    {
      "type": "Feature",
      "geometry": {
        "type": "Point",
        "coordinates": [
          -122.05899,
          47.81876
        ]
      },
      "properties": {
        "order_id": "ORD-0082",
        "plant_id": "PLT-001",
        "plant_name": "Cascade Quarry",
        "date": "2024-12-10",
        "volume_tons": 1019,
        "asp": 22.11,
        "delivery_fee": 5.34,
        "total_asp": 27.45,
        "product": "#57 Stone",
        "product_type": "concrete_agg",
        "geology": "Hard Rock",
        "dist_from_plant": 14.74
      }
    },
    {
      "type": "Feature",
      "geometry": {
        "type": "Point",
        "coordinates": [
          -122.01984,
          48.16672
        ]
      },
      "properties": {
        "order_id": "ORD-0083",
        "plant_id": "PLT-001",
        "plant_name": "Cascade Quarry",
        "date": "2023-09-12",
        "volume_tons": 362,
        "asp": 20.47,
        "delivery_fee": 13.82,
        "total_asp": 34.29,
        "product": "#67 Stone",
        "product_type": "concrete_agg",
        "geology": "Hard Rock",
        "dist_from_plant": 38.32
      }
    },
    {
      "type": "Feature",
      "geometry": {
        "type": "Point",
        "coordinates": [
          -121.93999,
          48.05681
        ]
      },
      "properties": {
        "order_id": "ORD-0084",
        "plant_id": "PLT-001",
        "plant_name": "Cascade Quarry",
        "date": "2023-10-31",
        "volume_tons": 314,
        "asp": 21.42,
        "delivery_fee": 11.75,
        "total_asp": 33.17,
        "product": "#67 Stone",
        "product_type": "concrete_agg",
        "geology": "Hard Rock",
        "dist_from_plant": 30.77
      }
    },
    {
      "type": "Feature",
      "geometry": {
        "type": "Point",
        "coordinates": [
          -122.3817,
          47.62258
        ]
      },
      "properties": {
        "order_id": "ORD-0085",
        "plant_id": "PLT-001",
        "plant_name": "Cascade Quarry",
        "date": "2021-09-10",
        "volume_tons": 1790,
        "asp": 18.25,
        "delivery_fee": 6.99,
        "total_asp": 25.24,
        "product": "Dense-Grade Base",
        "product_type": "base",
        "geology": "Hard Rock",
        "dist_from_plant": 19.85
      }
    },
    {
      "type": "Feature",
      "geometry": {
        "type": "Point",
        "coordinates": [
          -121.71611,
          47.31349
        ]
      },
      "properties": {
        "order_id": "ORD-0086",
        "plant_id": "PLT-001",
        "plant_name": "Cascade Quarry",
        "date": "2024-07-16",
        "volume_tons": 412,
        "asp": 19.03,
        "delivery_fee": 8.93,
        "total_asp": 27.96,
        "product": "Dense-Grade Base",
        "product_type": "base",
        "geology": "Hard Rock",
        "dist_from_plant": 24.6
      }
    },
    {
      "type": "Feature",
      "geometry": {
        "type": "Point",
        "coordinates": [
          -121.7891,
          47.28162
        ]
      },
      "properties": {
        "order_id": "ORD-0087",
        "plant_id": "PLT-001",
        "plant_name": "Cascade Quarry",
        "date": "2021-01-17",
        "volume_tons": 367,
        "asp": 18.76,
        "delivery_fee": 9.9,
        "total_asp": 28.66,
        "product": "Rip-Rap",
        "product_type": "base",
        "geology": "Hard Rock",
        "dist_from_plant": 24.81
      }
    },
    {
      "type": "Feature",
      "geometry": {
        "type": "Point",
        "coordinates": [
          -122.64079,
          47.34785
        ]
      },
      "properties": {
        "order_id": "ORD-0088",
        "plant_id": "PLT-001",
        "plant_name": "Cascade Quarry",
        "date": "2020-04-02",
        "volume_tons": 362,
        "asp": 17.57,
        "delivery_fee": 13.94,
        "total_asp": 31.51,
        "product": "Dense-Grade Base",
        "product_type": "base",
        "geology": "Hard Rock",
        "dist_from_plant": 37.51
      }
    },
    {
      "type": "Feature",
      "geometry": {
        "type": "Point",
        "coordinates": [
          -121.97592,
          47.38591
        ]
      },
      "properties": {
        "order_id": "ORD-0089",
        "plant_id": "PLT-001",
        "plant_name": "Cascade Quarry",
        "date": "2021-04-16",
        "volume_tons": 9186,
        "asp": 16.63,
        "delivery_fee": 6.43,
        "total_asp": 23.06,
        "product": "Dense-Grade Base",
        "product_type": "base",
        "geology": "Hard Rock",
        "dist_from_plant": 15.61
      }
    },
    {
      "type": "Feature",
      "geometry": {
        "type": "Point",
        "coordinates": [
          -121.68139,
          47.40775
        ]
      },
      "properties": {
        "order_id": "ORD-0090",
        "plant_id": "PLT-001",
        "plant_name": "Cascade Quarry",
        "date": "2022-12-18",
        "volume_tons": 161,
        "asp": 17.86,
        "delivery_fee": 7.12,
        "total_asp": 24.98,
        "product": "Rip-Rap",
        "product_type": "base",
        "geology": "Hard Rock",
        "dist_from_plant": 20.71
      }
    },
    {
      "type": "Feature",
      "geometry": {
        "type": "Point",
        "coordinates": [
          -122.0454,
          47.98177
        ]
      },
      "properties": {
        "order_id": "ORD-0091",
        "plant_id": "PLT-001",
        "plant_name": "Cascade Quarry",
        "date": "2024-08-31",
        "volume_tons": 468,
        "asp": 18.62,
        "delivery_fee": 9.29,
        "total_asp": 27.91,
        "product": "Dense-Grade Base",
        "product_type": "base",
        "geology": "Hard Rock",
        "dist_from_plant": 25.69
      }
    },
    {
      "type": "Feature",
      "geometry": {
        "type": "Point",
        "coordinates": [
          -122.10106,
          47.27495
        ]
      },
      "properties": {
        "order_id": "ORD-0092",
        "plant_id": "PLT-001",
        "plant_name": "Cascade Quarry",
        "date": "2021-08-15",
        "volume_tons": 154,
        "asp": 20.21,
        "delivery_fee": 8.74,
        "total_asp": 28.95,
        "product": "#57 Stone",
        "product_type": "concrete_agg",
        "geology": "Hard Rock",
        "dist_from_plant": 23.97
      }
    },
    {
      "type": "Feature",
      "geometry": {
        "type": "Point",
        "coordinates": [
          -122.46626,
          47.37125
        ]
      },
      "properties": {
        "order_id": "ORD-0093",
        "plant_id": "PLT-001",
        "plant_name": "Cascade Quarry",
        "date": "2024-12-02",
        "volume_tons": 1176,
        "asp": 18.83,
        "delivery_fee": 11.24,
        "total_asp": 30.07,
        "product": "Dense-Grade Base",
        "product_type": "base",
        "geology": "Hard Rock",
        "dist_from_plant": 29.24
      }
    },
    {
      "type": "Feature",
      "geometry": {
        "type": "Point",
        "coordinates": [
          -122.38079,
          47.57045
        ]
      },
      "properties": {
        "order_id": "ORD-0094",
        "plant_id": "PLT-001",
        "plant_name": "Cascade Quarry",
        "date": "2023-06-17",
        "volume_tons": 2617,
        "asp": 17.79,
        "delivery_fee": 7.41,
        "total_asp": 25.2,
        "product": "Dense-Grade Base",
        "product_type": "base",
        "geology": "Hard Rock",
        "dist_from_plant": 20.0
      }
    },
    {
      "type": "Feature",
      "geometry": {
        "type": "Point",
        "coordinates": [
          -121.93465,
          48.04909
        ]
      },
      "properties": {
        "order_id": "ORD-0095",
        "plant_id": "PLT-001",
        "plant_name": "Cascade Quarry",
        "date": "2022-03-12",
        "volume_tons": 6835,
        "asp": 19.96,
        "delivery_fee": 11.9,
        "total_asp": 31.86,
        "product": "#57 Stone",
        "product_type": "concrete_agg",
        "geology": "Hard Rock",
        "dist_from_plant": 30.26
      }
    },
    {
      "type": "Feature",
      "geometry": {
        "type": "Point",
        "coordinates": [
          -122.56024,
          47.48261
        ]
      },
      "properties": {
        "order_id": "ORD-0096",
        "plant_id": "PLT-001",
        "plant_name": "Cascade Quarry",
        "date": "2024-09-25",
        "volume_tons": 8875,
        "asp": 19.63,
        "delivery_fee": 10.81,
        "total_asp": 30.44,
        "product": "Rip-Rap",
        "product_type": "base",
        "geology": "Hard Rock",
        "dist_from_plant": 30.12
      }
    },
    {
      "type": "Feature",
      "geometry": {
        "type": "Point",
        "coordinates": [
          -122.12449,
          47.9072
        ]
      },
      "properties": {
        "order_id": "ORD-0097",
        "plant_id": "PLT-001",
        "plant_name": "Cascade Quarry",
        "date": "2023-10-21",
        "volume_tons": 774,
        "asp": 18.99,
        "delivery_fee": 8.02,
        "total_asp": 27.01,
        "product": "Dense-Grade Base",
        "product_type": "base",
        "geology": "Hard Rock",
        "dist_from_plant": 21.53
      }
    },
    {
      "type": "Feature",
      "geometry": {
        "type": "Point",
        "coordinates": [
          -121.52434,
          47.46052
        ]
      },
      "properties": {
        "order_id": "ORD-0098",
        "plant_id": "PLT-001",
        "plant_name": "Cascade Quarry",
        "date": "2023-04-20",
        "volume_tons": 446,
        "asp": 18.18,
        "delivery_fee": 10.43,
        "total_asp": 28.61,
        "product": "Dense-Grade Base",
        "product_type": "base",
        "geology": "Hard Rock",
        "dist_from_plant": 25.29
      }
    },
    {
      "type": "Feature",
      "geometry": {
        "type": "Point",
        "coordinates": [
          -122.27706,
          48.08398
        ]
      },
      "properties": {
        "order_id": "ORD-0099",
        "plant_id": "PLT-001",
        "plant_name": "Cascade Quarry",
        "date": "2024-04-21",
        "volume_tons": 8986,
        "asp": 21.42,
        "delivery_fee": 14.43,
        "total_asp": 35.85,
        "product": "#57 Stone",
        "product_type": "concrete_agg",
        "geology": "Hard Rock",
        "dist_from_plant": 35.69
      }
    },
    {
      "type": "Feature",
      "geometry": {
        "type": "Point",
        "coordinates": [
          -122.47587,
          47.41322
        ]
      },
      "properties": {
        "order_id": "ORD-0100",
        "plant_id": "PLT-001",
        "plant_name": "Cascade Quarry",
        "date": "2024-01-07",
        "volume_tons": 6750,
        "asp": 21.63,
        "delivery_fee": 10.19,
        "total_asp": 31.82,
        "product": "#57 Stone",
        "product_type": "concrete_agg",
        "geology": "Hard Rock",
        "dist_from_plant": 28.12
      }
    },
    {
      "type": "Feature",
      "geometry": {
        "type": "Point",
        "coordinates": [
          -121.64009,
          47.28344
        ]
      },
      "properties": {
        "order_id": "ORD-0101",
        "plant_id": "PLT-001",
        "plant_name": "Cascade Quarry",
        "date": "2023-01-11",
        "volume_tons": 160,
        "asp": 18.74,
        "delivery_fee": 10.77,
        "total_asp": 29.51,
        "product": "Rip-Rap",
        "product_type": "base",
        "geology": "Hard Rock",
        "dist_from_plant": 28.48
      }
    },
    {
      "type": "Feature",
      "geometry": {
        "type": "Point",
        "coordinates": [
          -122.41838,
          47.21124
        ]
      },
      "properties": {
        "order_id": "ORD-0102",
        "plant_id": "PLT-001",
        "plant_name": "Cascade Quarry",
        "date": "2024-10-03",
        "volume_tons": 469,
        "asp": 20.33,
        "delivery_fee": 12.62,
        "total_asp": 32.95,
        "product": "Rip-Rap",
        "product_type": "base",
        "geology": "Hard Rock",
        "dist_from_plant": 35.13
      }
    },
    {
      "type": "Feature",
      "geometry": {
        "type": "Point",
        "coordinates": [
          -121.41674,
          47.689
        ]
      },
      "properties": {
        "order_id": "ORD-0103",
        "plant_id": "PLT-001",
        "plant_name": "Cascade Quarry",
        "date": "2021-07-02",
        "volume_tons": 9615,
        "asp": 19.38,
        "delivery_fee": 10.1,
        "total_asp": 29.48,
        "product": "#57 Stone",
        "product_type": "concrete_agg",
        "geology": "Hard Rock",
        "dist_from_plant": 28.91
      }
    },
    {
      "type": "Feature",
      "geometry": {
        "type": "Point",
        "coordinates": [
          -122.77152,
          47.53288
        ]
      },
      "properties": {
        "order_id": "ORD-0104",
        "plant_id": "PLT-001",
        "plant_name": "Cascade Quarry",
        "date": "2022-12-31",
        "volume_tons": 1276,
        "asp": 20.0,
        "delivery_fee": 15.15,
        "total_asp": 35.15,
        "product": "#57 Stone",
        "product_type": "concrete_agg",
        "geology": "Hard Rock",
        "dist_from_plant": 39.7
      }
    },
    {
      "type": "Feature",
      "geometry": {
        "type": "Point",
        "coordinates": [
          -121.9121,
          47.97083
        ]
      },
      "properties": {
        "order_id": "ORD-0105",
        "plant_id": "PLT-001",
        "plant_name": "Cascade Quarry",
        "date": "2022-03-26",
        "volume_tons": 1908,
        "asp": 21.01,
        "delivery_fee": 9.32,
        "total_asp": 30.33,
        "product": "#67 Stone",
        "product_type": "concrete_agg",
        "geology": "Hard Rock",
        "dist_from_plant": 25.03
      }
    },
    {
      "type": "Feature",
      "geometry": {
        "type": "Point",
        "coordinates": [
          -122.61601,
          47.53898
        ]
      },
      "properties": {
        "order_id": "ORD-0106",
        "plant_id": "PLT-001",
        "plant_name": "Cascade Quarry",
        "date": "2023-10-15",
        "volume_tons": 3269,
        "asp": 19.39,
        "delivery_fee": 12.15,
        "total_asp": 31.54,
        "product": "Dense-Grade Base",
        "product_type": "base",
        "geology": "Hard Rock",
        "dist_from_plant": 31.95
      }
    },
    {
      "type": "Feature",
      "geometry": {
        "type": "Point",
        "coordinates": [
          -122.23498,
          47.8346
        ]
      },
      "properties": {
        "order_id": "ORD-0107",
        "plant_id": "PLT-001",
        "plant_name": "Cascade Quarry",
        "date": "2022-08-05",
        "volume_tons": 1051,
        "asp": 21.48,
        "delivery_fee": 7.84,
        "total_asp": 29.32,
        "product": "#67 Stone",
        "product_type": "concrete_agg",
        "geology": "Hard Rock",
        "dist_from_plant": 19.8
      }
    },
    {
      "type": "Feature",
      "geometry": {
        "type": "Point",
        "coordinates": [
          -122.06884,
          47.43157
        ]
      },
      "properties": {
        "order_id": "ORD-0108",
        "plant_id": "PLT-001",
        "plant_name": "Cascade Quarry",
        "date": "2024-11-24",
        "volume_tons": 1805,
        "asp": 22.98,
        "delivery_fee": 4.71,
        "total_asp": 27.69,
        "product": "#57 Stone",
        "product_type": "concrete_agg",
        "geology": "Hard Rock",
        "dist_from_plant": 13.14
      }
    },
    {
      "type": "Feature",
      "geometry": {
        "type": "Point",
        "coordinates": [
          -122.5887,
          47.55295
        ]
      },
      "properties": {
        "order_id": "ORD-0109",
        "plant_id": "PLT-001",
        "plant_name": "Cascade Quarry",
        "date": "2022-10-02",
        "volume_tons": 1194,
        "asp": 19.45,
        "delivery_fee": 12.62,
        "total_asp": 32.07,
        "product": "Rip-Rap",
        "product_type": "base",
        "geology": "Hard Rock",
        "dist_from_plant": 30.46
      }
    },
    {
      "type": "Feature",
      "geometry": {
        "type": "Point",
        "coordinates": [
          -121.86125,
          47.6948
        ]
      },
      "properties": {
        "order_id": "ORD-0110",
        "plant_id": "PLT-001",
        "plant_name": "Cascade Quarry",
        "date": "2021-04-24",
        "volume_tons": 216,
        "asp": 19.9,
        "delivery_fee": 3.01,
        "total_asp": 22.91,
        "product": "#67 Stone",
        "product_type": "concrete_agg",
        "geology": "Hard Rock",
        "dist_from_plant": 8.42
      }
    },
    {
      "type": "Feature",
      "geometry": {
        "type": "Point",
        "coordinates": [
          -121.85659,
          47.89252
        ]
      },
      "properties": {
        "order_id": "ORD-0111",
        "plant_id": "PLT-001",
        "plant_name": "Cascade Quarry",
        "date": "2024-08-02",
        "volume_tons": 219,
        "asp": 21.23,
        "delivery_fee": 8.37,
        "total_asp": 29.6,
        "product": "#67 Stone",
        "product_type": "concrete_agg",
        "geology": "Hard Rock",
        "dist_from_plant": 20.39
      }
    },
    {
      "type": "Feature",
      "geometry": {
        "type": "Point",
        "coordinates": [
          -122.22628,
          48.06705
        ]
      },
      "properties": {
        "order_id": "ORD-0112",
        "plant_id": "PLT-001",
        "plant_name": "Cascade Quarry",
        "date": "2024-05-10",
        "volume_tons": 756,
        "asp": 21.7,
        "delivery_fee": 13.77,
        "total_asp": 35.47,
        "product": "#57 Stone",
        "product_type": "concrete_agg",
        "geology": "Hard Rock",
        "dist_from_plant": 33.64
      }
    },
    {
      "type": "Feature",
      "geometry": {
        "type": "Point",
        "coordinates": [
          -121.27198,
          47.60123
        ]
      },
      "properties": {
        "order_id": "ORD-0113",
        "plant_id": "PLT-001",
        "plant_name": "Cascade Quarry",
        "date": "2022-05-01",
        "volume_tons": 950,
        "asp": 19.45,
        "delivery_fee": 13.83,
        "total_asp": 33.28,
        "product": "#67 Stone",
        "product_type": "concrete_agg",
        "geology": "Hard Rock",
        "dist_from_plant": 35.66
      }
    },
    {
      "type": "Feature",
      "geometry": {
        "type": "Point",
        "coordinates": [
          -122.36201,
          47.80177
        ]
      },
      "properties": {
        "order_id": "ORD-0114",
        "plant_id": "PLT-001",
        "plant_name": "Cascade Quarry",
        "date": "2021-06-06",
        "volume_tons": 253,
        "asp": 19.45,
        "delivery_fee": 8.76,
        "total_asp": 28.21,
        "product": "#67 Stone",
        "product_type": "concrete_agg",
        "geology": "Hard Rock",
        "dist_from_plant": 22.95
      }
    },
    {
      "type": "Feature",
      "geometry": {
        "type": "Point",
        "coordinates": [
          -122.47531,
          47.81274
        ]
      },
      "properties": {
        "order_id": "ORD-0115",
        "plant_id": "PLT-001",
        "plant_name": "Cascade Quarry",
        "date": "2024-07-13",
        "volume_tons": 1321,
        "asp": 20.84,
        "delivery_fee": 10.59,
        "total_asp": 31.43,
        "product": "Dense-Grade Base",
        "product_type": "base",
        "geology": "Hard Rock",
        "dist_from_plant": 28.16
      }
    },
    {
      "type": "Feature",
      "geometry": {
        "type": "Point",
        "coordinates": [
          -122.27936,
          47.15647
        ]
      },
      "properties": {
        "order_id": "ORD-0116",
        "plant_id": "PLT-001",
        "plant_name": "Cascade Quarry",
        "date": "2022-03-27",
        "volume_tons": 3977,
        "asp": 19.26,
        "delivery_fee": 13.25,
        "total_asp": 32.51,
        "product": "#57 Stone",
        "product_type": "concrete_agg",
        "geology": "Hard Rock",
        "dist_from_plant": 34.71
      }
    },
    {
      "type": "Feature",
      "geometry": {
        "type": "Point",
        "coordinates": [
          -121.89812,
          48.0637
        ]
      },
      "properties": {
        "order_id": "ORD-0117",
        "plant_id": "PLT-001",
        "plant_name": "Cascade Quarry",
        "date": "2023-01-24",
        "volume_tons": 6541,
        "asp": 17.54,
        "delivery_fee": 12.33,
        "total_asp": 29.87,
        "product": "Dense-Grade Base",
        "product_type": "base",
        "geology": "Hard Rock",
        "dist_from_plant": 31.47
      }
    },
    {
      "type": "Feature",
      "geometry": {
        "type": "Point",
        "coordinates": [
          -122.6012,
          47.42517
        ]
      },
      "properties": {
        "order_id": "ORD-0118",
        "plant_id": "PLT-001",
        "plant_name": "Cascade Quarry",
        "date": "2024-06-13",
        "volume_tons": 1802,
        "asp": 22.54,
        "delivery_fee": 11.92,
        "total_asp": 34.46,
        "product": "#67 Stone",
        "product_type": "concrete_agg",
        "geology": "Hard Rock",
        "dist_from_plant": 33.4
      }
    },
    {
      "type": "Feature",
      "geometry": {
        "type": "Point",
        "coordinates": [
          -122.63399,
          47.49993
        ]
      },
      "properties": {
        "order_id": "ORD-0119",
        "plant_id": "PLT-001",
        "plant_name": "Cascade Quarry",
        "date": "2021-06-17",
        "volume_tons": 355,
        "asp": 18.42,
        "delivery_fee": 12.97,
        "total_asp": 31.39,
        "product": "#67 Stone",
        "product_type": "concrete_agg",
        "geology": "Hard Rock",
        "dist_from_plant": 33.36
      }
    },
    {
      "type": "Feature",
      "geometry": {
        "type": "Point",
        "coordinates": [
          -122.016,
          47.49508
        ]
      },
      "properties": {
        "order_id": "ORD-0120",
        "plant_id": "PLT-001",
        "plant_name": "Cascade Quarry",
        "date": "2022-02-07",
        "volume_tons": 1748,
        "asp": 17.74,
        "delivery_fee": 3.05,
        "total_asp": 20.79,
        "product": "Dense-Grade Base",
        "product_type": "base",
        "geology": "Hard Rock",
        "dist_from_plant": 8.22
      }
    },
    {
      "type": "Feature",
      "geometry": {
        "type": "Point",
        "coordinates": [
          -121.99604,
          48.17898
        ]
      },
      "properties": {
        "order_id": "ORD-0121",
        "plant_id": "PLT-001",
        "plant_name": "Cascade Quarry",
        "date": "2022-06-24",
        "volume_tons": 1409,
        "asp": 20.58,
        "delivery_fee": 16.11,
        "total_asp": 36.69,
        "product": "#67 Stone",
        "product_type": "concrete_agg",
        "geology": "Hard Rock",
        "dist_from_plant": 39.13
      }
    },
    {
      "type": "Feature",
      "geometry": {
        "type": "Point",
        "coordinates": [
          -122.70145,
          47.70437
        ]
      },
      "properties": {
        "order_id": "ORD-0122",
        "plant_id": "PLT-001",
        "plant_name": "Cascade Quarry",
        "date": "2023-03-17",
        "volume_tons": 4679,
        "asp": 22.32,
        "delivery_fee": 13.49,
        "total_asp": 35.81,
        "product": "#57 Stone",
        "product_type": "concrete_agg",
        "geology": "Hard Rock",
        "dist_from_plant": 36.38
      }
    },
    {
      "type": "Feature",
      "geometry": {
        "type": "Point",
        "coordinates": [
          -121.44696,
          47.55667
        ]
      },
      "properties": {
        "order_id": "ORD-0123",
        "plant_id": "PLT-001",
        "plant_name": "Cascade Quarry",
        "date": "2021-12-18",
        "volume_tons": 501,
        "asp": 17.02,
        "delivery_fee": 10.68,
        "total_asp": 27.7,
        "product": "Rip-Rap",
        "product_type": "base",
        "geology": "Hard Rock",
        "dist_from_plant": 27.17
      }
    },
    {
      "type": "Feature",
      "geometry": {
        "type": "Point",
        "coordinates": [
          -121.75875,
          48.0752
        ]
      },
      "properties": {
        "order_id": "ORD-0124",
        "plant_id": "PLT-001",
        "plant_name": "Cascade Quarry",
        "date": "2024-05-26",
        "volume_tons": 9145,
        "asp": 20.43,
        "delivery_fee": 13.3,
        "total_asp": 33.73,
        "product": "#57 Stone",
        "product_type": "concrete_agg",
        "geology": "Hard Rock",
        "dist_from_plant": 33.9
      }
    },
    {
      "type": "Feature",
      "geometry": {
        "type": "Point",
        "coordinates": [
          -121.76698,
          47.19246
        ]
      },
      "properties": {
        "order_id": "ORD-0125",
        "plant_id": "PLT-001",
        "plant_name": "Cascade Quarry",
        "date": "2024-10-21",
        "volume_tons": 5889,
        "asp": 23.25,
        "delivery_fee": 12.2,
        "total_asp": 35.45,
        "product": "#57 Stone",
        "product_type": "concrete_agg",
        "geology": "Hard Rock",
        "dist_from_plant": 30.93
      }
    },
    {
      "type": "Feature",
      "geometry": {
        "type": "Point",
        "coordinates": [
          -121.38128,
          47.89656
        ]
      },
      "properties": {
        "order_id": "ORD-0126",
        "plant_id": "PLT-001",
        "plant_name": "Cascade Quarry",
        "date": "2023-08-20",
        "volume_tons": 3553,
        "asp": 21.98,
        "delivery_fee": 14.77,
        "total_asp": 36.75,
        "product": "#67 Stone",
        "product_type": "concrete_agg",
        "geology": "Hard Rock",
        "dist_from_plant": 36.01
      }
    },
    {
      "type": "Feature",
      "geometry": {
        "type": "Point",
        "coordinates": [
          -121.81468,
          48.12318
        ]
      },
      "properties": {
        "order_id": "ORD-0127",
        "plant_id": "PLT-001",
        "plant_name": "Cascade Quarry",
        "date": "2023-02-20",
        "volume_tons": 8908,
        "asp": 17.38,
        "delivery_fee": 14.67,
        "total_asp": 32.05,
        "product": "Dense-Grade Base",
        "product_type": "base",
        "geology": "Hard Rock",
        "dist_from_plant": 36.28
      }
    },
    {
      "type": "Feature",
      "geometry": {
        "type": "Point",
        "coordinates": [
          -122.50757,
          47.38227
        ]
      },
      "properties": {
        "order_id": "ORD-0128",
        "plant_id": "PLT-001",
        "plant_name": "Cascade Quarry",
        "date": "2022-04-19",
        "volume_tons": 7666,
        "asp": 17.26,
        "delivery_fee": 11.32,
        "total_asp": 28.58,
        "product": "Dense-Grade Base",
        "product_type": "base",
        "geology": "Hard Rock",
        "dist_from_plant": 30.56
      }
    },
    {
      "type": "Feature",
      "geometry": {
        "type": "Point",
        "coordinates": [
          -121.59699,
          47.35644
        ]
      },
      "properties": {
        "order_id": "ORD-0129",
        "plant_id": "PLT-001",
        "plant_name": "Cascade Quarry",
        "date": "2023-07-17",
        "volume_tons": 107,
        "asp": 18.0,
        "delivery_fee": 9.97,
        "total_asp": 27.97,
        "product": "Rip-Rap",
        "product_type": "base",
        "geology": "Hard Rock",
        "dist_from_plant": 26.22
      }
    },
    {
      "type": "Feature",
      "geometry": {
        "type": "Point",
        "coordinates": [
          -122.18234,
          47.23194
        ]
      },
      "properties": {
        "order_id": "ORD-0130",
        "plant_id": "PLT-001",
        "plant_name": "Cascade Quarry",
        "date": "2023-02-14",
        "volume_tons": 773,
        "asp": 19.23,
        "delivery_fee": 10.41,
        "total_asp": 29.64,
        "product": "Rip-Rap",
        "product_type": "base",
        "geology": "Hard Rock",
        "dist_from_plant": 28.02
      }
    },
    {
      "type": "Feature",
      "geometry": {
        "type": "Point",
        "coordinates": [
          -121.70297,
          47.89625
        ]
      },
      "properties": {
        "order_id": "ORD-0131",
        "plant_id": "PLT-001",
        "plant_name": "Cascade Quarry",
        "date": "2024-03-31",
        "volume_tons": 5925,
        "asp": 18.98,
        "delivery_fee": 9.36,
        "total_asp": 28.34,
        "product": "Rip-Rap",
        "product_type": "base",
        "geology": "Hard Rock",
        "dist_from_plant": 24.16
      }
    },
    {
      "type": "Feature",
      "geometry": {
        "type": "Point",
        "coordinates": [
          -121.97306,
          47.24382
        ]
      },
      "properties": {
        "order_id": "ORD-0132",
        "plant_id": "PLT-001",
        "plant_name": "Cascade Quarry",
        "date": "2020-04-11",
        "volume_tons": 1993,
        "asp": 16.44,
        "delivery_fee": 8.71,
        "total_asp": 25.15,
        "product": "Rip-Rap",
        "product_type": "base",
        "geology": "Hard Rock",
        "dist_from_plant": 25.41
      }
    },
    {
      "type": "Feature",
      "geometry": {
        "type": "Point",
        "coordinates": [
          -121.26934,
          47.52973
        ]
      },
      "properties": {
        "order_id": "ORD-0133",
        "plant_id": "PLT-001",
        "plant_name": "Cascade Quarry",
        "date": "2021-05-01",
        "volume_tons": 196,
        "asp": 18.47,
        "delivery_fee": 14.35,
        "total_asp": 32.82,
        "product": "Rip-Rap",
        "product_type": "base",
        "geology": "Hard Rock",
        "dist_from_plant": 36.23
      }
    },
    {
      "type": "Feature",
      "geometry": {
        "type": "Point",
        "coordinates": [
          -121.70573,
          47.36185
        ]
      },
      "properties": {
        "order_id": "ORD-0134",
        "plant_id": "PLT-001",
        "plant_name": "Cascade Quarry",
        "date": "2021-11-01",
        "volume_tons": 230,
        "asp": 18.59,
        "delivery_fee": 8.83,
        "total_asp": 27.42,
        "product": "Rip-Rap",
        "product_type": "base",
        "geology": "Hard Rock",
        "dist_from_plant": 22.2
      }
    },
    {
      "type": "Feature",
      "geometry": {
        "type": "Point",
        "coordinates": [
          -122.6531,
          47.8914
        ]
      },
      "properties": {
        "order_id": "ORD-0135",
        "plant_id": "PLT-001",
        "plant_name": "Cascade Quarry",
        "date": "2022-08-09",
        "volume_tons": 371,
        "asp": 18.13,
        "delivery_fee": 15.68,
        "total_asp": 33.81,
        "product": "Dense-Grade Base",
        "product_type": "base",
        "geology": "Hard Rock",
        "dist_from_plant": 38.57
      }
    },
    {
      "type": "Feature",
      "geometry": {
        "type": "Point",
        "coordinates": [
          -122.45552,
          48.01132
        ]
      },
      "properties": {
        "order_id": "ORD-0136",
        "plant_id": "PLT-001",
        "plant_name": "Cascade Quarry",
        "date": "2024-02-27",
        "volume_tons": 332,
        "asp": 22.7,
        "delivery_fee": 13.42,
        "total_asp": 36.12,
        "product": "#67 Stone",
        "product_type": "concrete_agg",
        "geology": "Hard Rock",
        "dist_from_plant": 36.23
      }
    },
    {
      "type": "Feature",
      "geometry": {
        "type": "Point",
        "coordinates": [
          -121.41294,
          47.82693
        ]
      },
      "properties": {
        "order_id": "ORD-0137",
        "plant_id": "PLT-001",
        "plant_name": "Cascade Quarry",
        "date": "2023-01-01",
        "volume_tons": 4254,
        "asp": 17.84,
        "delivery_fee": 12.1,
        "total_asp": 29.94,
        "product": "Dense-Grade Base",
        "product_type": "base",
        "geology": "Hard Rock",
        "dist_from_plant": 32.22
      }
    },
    {
      "type": "Feature",
      "geometry": {
        "type": "Point",
        "coordinates": [
          -122.23436,
          47.9111
        ]
      },
      "properties": {
        "order_id": "ORD-0138",
        "plant_id": "PLT-001",
        "plant_name": "Cascade Quarry",
        "date": "2023-05-11",
        "volume_tons": 131,
        "asp": 21.18,
        "delivery_fee": 9.95,
        "total_asp": 31.13,
        "product": "#57 Stone",
        "product_type": "concrete_agg",
        "geology": "Hard Rock",
        "dist_from_plant": 24.11
      }
    },
    {
      "type": "Feature",
      "geometry": {
        "type": "Point",
        "coordinates": [
          -121.40315,
          47.97029
        ]
      },
      "properties": {
        "order_id": "ORD-0139",
        "plant_id": "PLT-001",
        "plant_name": "Cascade Quarry",
        "date": "2023-08-22",
        "volume_tons": 7416,
        "asp": 20.71,
        "delivery_fee": 13.61,
        "total_asp": 34.32,
        "product": "#67 Stone",
        "product_type": "concrete_agg",
        "geology": "Hard Rock",
        "dist_from_plant": 38.18
      }
    },
    {
      "type": "Feature",
      "geometry": {
        "type": "Point",
        "coordinates": [
          -121.35206,
          47.71238
        ]
      },
      "properties": {
        "order_id": "ORD-0140",
        "plant_id": "PLT-001",
        "plant_name": "Cascade Quarry",
        "date": "2020-10-24",
        "volume_tons": 1973,
        "asp": 18.55,
        "delivery_fee": 11.86,
        "total_asp": 30.41,
        "product": "Dense-Grade Base",
        "product_type": "base",
        "geology": "Hard Rock",
        "dist_from_plant": 32.4
      }
    },
    {
      "type": "Feature",
      "geometry": {
        "type": "Point",
        "coordinates": [
          -122.4493,
          47.53009
        ]
      },
      "properties": {
        "order_id": "ORD-0141",
        "plant_id": "PLT-001",
        "plant_name": "Cascade Quarry",
        "date": "2023-03-13",
        "volume_tons": 880,
        "asp": 19.19,
        "delivery_fee": 8.94,
        "total_asp": 28.13,
        "product": "#57 Stone",
        "product_type": "concrete_agg",
        "geology": "Hard Rock",
        "dist_from_plant": 23.89
      }
    },
    {
      "type": "Feature",
      "geometry": {
        "type": "Point",
        "coordinates": [
          -122.68295,
          47.76526
        ]
      },
      "properties": {
        "order_id": "ORD-0142",
        "plant_id": "PLT-001",
        "plant_name": "Cascade Quarry",
        "date": "2024-09-04",
        "volume_tons": 849,
        "asp": 18.56,
        "delivery_fee": 13.68,
        "total_asp": 32.24,
        "product": "Dense-Grade Base",
        "product_type": "base",
        "geology": "Hard Rock",
        "dist_from_plant": 36.46
      }
    },
    {
      "type": "Feature",
      "geometry": {
        "type": "Point",
        "coordinates": [
          -122.26626,
          47.89803
        ]
      },
      "properties": {
        "order_id": "ORD-0143",
        "plant_id": "PLT-001",
        "plant_name": "Cascade Quarry",
        "date": "2024-06-22",
        "volume_tons": 1326,
        "asp": 20.7,
        "delivery_fee": 9.87,
        "total_asp": 30.57,
        "product": "Dense-Grade Base",
        "product_type": "base",
        "geology": "Hard Rock",
        "dist_from_plant": 24.23
      }
    },
    {
      "type": "Feature",
      "geometry": {
        "type": "Point",
        "coordinates": [
          -122.05765,
          47.75621
        ]
      },
      "properties": {
        "order_id": "ORD-0144",
        "plant_id": "PLT-001",
        "plant_name": "Cascade Quarry",
        "date": "2021-09-26",
        "volume_tons": 1113,
        "asp": 21.14,
        "delivery_fee": 3.98,
        "total_asp": 25.12,
        "product": "#57 Stone",
        "product_type": "concrete_agg",
        "geology": "Hard Rock",
        "dist_from_plant": 10.59
      }
    },
    {
      "type": "Feature",
      "geometry": {
        "type": "Point",
        "coordinates": [
          -121.84283,
          47.63155
        ]
      },
      "properties": {
        "order_id": "ORD-0145",
        "plant_id": "PLT-001",
        "plant_name": "Cascade Quarry",
        "date": "2023-11-05",
        "volume_tons": 428,
        "asp": 21.02,
        "delivery_fee": 3.0,
        "total_asp": 24.02,
        "product": "#57 Stone",
        "product_type": "concrete_agg",
        "geology": "Hard Rock",
        "dist_from_plant": 7.24
      }
    },
    {
      "type": "Feature",
      "geometry": {
        "type": "Point",
        "coordinates": [
          -121.5313,
          47.83077
        ]
      },
      "properties": {
        "order_id": "ORD-0146",
        "plant_id": "PLT-001",
        "plant_name": "Cascade Quarry",
        "date": "2022-12-07",
        "volume_tons": 8796,
        "asp": 19.63,
        "delivery_fee": 10.54,
        "total_asp": 30.17,
        "product": "#57 Stone",
        "product_type": "concrete_agg",
        "geology": "Hard Rock",
        "dist_from_plant": 27.25
      }
    },
    {
      "type": "Feature",
      "geometry": {
        "type": "Point",
        "coordinates": [
          -122.11181,
          47.31538
        ]
      },
      "properties": {
        "order_id": "ORD-0147",
        "plant_id": "PLT-001",
        "plant_name": "Cascade Quarry",
        "date": "2024-07-23",
        "volume_tons": 1293,
        "asp": 22.7,
        "delivery_fee": 8.2,
        "total_asp": 30.9,
        "product": "#57 Stone",
        "product_type": "concrete_agg",
        "geology": "Hard Rock",
        "dist_from_plant": 21.43
      }
    },
    {
      "type": "Feature",
      "geometry": {
        "type": "Point",
        "coordinates": [
          -122.40555,
          47.59601
        ]
      },
      "properties": {
        "order_id": "ORD-0148",
        "plant_id": "PLT-001",
        "plant_name": "Cascade Quarry",
        "date": "2022-11-06",
        "volume_tons": 3256,
        "asp": 21.56,
        "delivery_fee": 8.28,
        "total_asp": 29.84,
        "product": "#57 Stone",
        "product_type": "concrete_agg",
        "geology": "Hard Rock",
        "dist_from_plant": 21.06
      }
    },
    {
      "type": "Feature",
      "geometry": {
        "type": "Point",
        "coordinates": [
          -121.23767,
          47.76912
        ]
      },
      "properties": {
        "order_id": "ORD-0149",
        "plant_id": "PLT-001",
        "plant_name": "Cascade Quarry",
        "date": "2024-01-13",
        "volume_tons": 341,
        "asp": 21.87,
        "delivery_fee": 15.84,
        "total_asp": 37.71,
        "product": "#57 Stone",
        "product_type": "concrete_agg",
        "geology": "Hard Rock",
        "dist_from_plant": 38.91
      }
    },
    {
      "type": "Feature",
      "geometry": {
        "type": "Point",
        "coordinates": [
          -122.12082,
          47.26023
        ]
      },
      "properties": {
        "order_id": "ORD-0150",
        "plant_id": "PLT-001",
        "plant_name": "Cascade Quarry",
        "date": "2024-06-09",
        "volume_tons": 480,
        "asp": 22.3,
        "delivery_fee": 10.27,
        "total_asp": 32.57,
        "product": "#57 Stone",
        "product_type": "concrete_agg",
        "geology": "Hard Rock",
        "dist_from_plant": 25.2
      }
    },
    {
      "type": "Feature",
      "geometry": {
        "type": "Point",
        "coordinates": [
          -122.1979,
          47.79874
        ]
      },
      "properties": {
        "order_id": "ORD-0151",
        "plant_id": "PLT-001",
        "plant_name": "Cascade Quarry",
        "date": "2022-12-29",
        "volume_tons": 396,
        "asp": 18.7,
        "delivery_fee": 6.1,
        "total_asp": 24.8,
        "product": "Dense-Grade Base",
        "product_type": "base",
        "geology": "Hard Rock",
        "dist_from_plant": 16.71
      }
    },
    {
      "type": "Feature",
      "geometry": {
        "type": "Point",
        "coordinates": [
          -122.6239,
          47.73041
        ]
      },
      "properties": {
        "order_id": "ORD-0152",
        "plant_id": "PLT-001",
        "plant_name": "Cascade Quarry",
        "date": "2022-01-13",
        "volume_tons": 1090,
        "asp": 20.62,
        "delivery_fee": 11.77,
        "total_asp": 32.39,
        "product": "#67 Stone",
        "product_type": "concrete_agg",
        "geology": "Hard Rock",
        "dist_from_plant": 32.97
      }
    },
    {
      "type": "Feature",
      "geometry": {
        "type": "Point",
        "coordinates": [
          -122.37659,
          47.81698
        ]
      },
      "properties": {
        "order_id": "ORD-0153",
        "plant_id": "PLT-001",
        "plant_name": "Cascade Quarry",
        "date": "2021-03-23",
        "volume_tons": 8575,
        "asp": 17.86,
        "delivery_fee": 8.65,
        "total_asp": 26.51,
        "product": "Dense-Grade Base",
        "product_type": "base",
        "geology": "Hard Rock",
        "dist_from_plant": 24.15
      }
    },
    {
      "type": "Feature",
      "geometry": {
        "type": "Point",
        "coordinates": [
          -122.03393,
          47.91592
        ]
      },
      "properties": {
        "order_id": "ORD-0154",
        "plant_id": "PLT-001",
        "plant_name": "Cascade Quarry",
        "date": "2020-06-11",
        "volume_tons": 5979,
        "asp": 17.16,
        "delivery_fee": 7.89,
        "total_asp": 25.05,
        "product": "Rip-Rap",
        "product_type": "base",
        "geology": "Hard Rock",
        "dist_from_plant": 21.11
      }
    },
    {
      "type": "Feature",
      "geometry": {
        "type": "Point",
        "coordinates": [
          -121.28868,
          47.32991
        ]
      },
      "properties": {
        "order_id": "ORD-0155",
        "plant_id": "PLT-001",
        "plant_name": "Cascade Quarry",
        "date": "2023-03-14",
        "volume_tons": 170,
        "asp": 20.17,
        "delivery_fee": 14.72,
        "total_asp": 34.89,
        "product": "Dense-Grade Base",
        "product_type": "base",
        "geology": "Hard Rock",
        "dist_from_plant": 39.89
      }
    },
    {
      "type": "Feature",
      "geometry": {
        "type": "Point",
        "coordinates": [
          -122.61333,
          47.54686
        ]
      },
      "properties": {
        "order_id": "ORD-0156",
        "plant_id": "PLT-001",
        "plant_name": "Cascade Quarry",
        "date": "2022-12-21",
        "volume_tons": 7311,
        "asp": 18.48,
        "delivery_fee": 11.0,
        "total_asp": 29.48,
        "product": "Rip-Rap",
        "product_type": "base",
        "geology": "Hard Rock",
        "dist_from_plant": 31.74
      }
    },
    {
      "type": "Feature",
      "geometry": {
        "type": "Point",
        "coordinates": [
          -122.55381,
          47.67376
        ]
      },
      "properties": {
        "order_id": "ORD-0157",
        "plant_id": "PLT-001",
        "plant_name": "Cascade Quarry",
        "date": "2023-07-14",
        "volume_tons": 2184,
        "asp": 20.24,
        "delivery_fee": 11.86,
        "total_asp": 32.1,
        "product": "Rip-Rap",
        "product_type": "base",
        "geology": "Hard Rock",
        "dist_from_plant": 28.76
      }
    },
    {
      "type": "Feature",
      "geometry": {
        "type": "Point",
        "coordinates": [
          -122.07616,
          48.16226
        ]
      },
      "properties": {
        "order_id": "ORD-0158",
        "plant_id": "PLT-001",
        "plant_name": "Cascade Quarry",
        "date": "2022-02-15",
        "volume_tons": 366,
        "asp": 21.29,
        "delivery_fee": 14.74,
        "total_asp": 36.03,
        "product": "#67 Stone",
        "product_type": "concrete_agg",
        "geology": "Hard Rock",
        "dist_from_plant": 38.24
      }
    },
    {
      "type": "Feature",
      "geometry": {
        "type": "Point",
        "coordinates": [
          -122.28175,
          47.10279
        ]
      },
      "properties": {
        "order_id": "ORD-0159",
        "plant_id": "PLT-001",
        "plant_name": "Cascade Quarry",
        "date": "2023-06-15",
        "volume_tons": 6060,
        "asp": 20.15,
        "delivery_fee": 13.1,
        "total_asp": 33.25,
        "product": "#57 Stone",
        "product_type": "concrete_agg",
        "geology": "Hard Rock",
        "dist_from_plant": 38.14
      }
    },
    {
      "type": "Feature",
      "geometry": {
        "type": "Point",
        "coordinates": [
          -122.14085,
          47.16423
        ]
      },
      "properties": {
        "order_id": "ORD-0160",
        "plant_id": "PLT-001",
        "plant_name": "Cascade Quarry",
        "date": "2021-03-08",
        "volume_tons": 449,
        "asp": 17.87,
        "delivery_fee": 11.11,
        "total_asp": 28.98,
        "product": "Dense-Grade Base",
        "product_type": "base",
        "geology": "Hard Rock",
        "dist_from_plant": 31.86
      }
    },
    {
      "type": "Feature",
      "geometry": {
        "type": "Point",
        "coordinates": [
          -121.9567,
          47.85099
        ]
      },
      "properties": {
        "order_id": "ORD-0161",
        "plant_id": "PLT-001",
        "plant_name": "Cascade Quarry",
        "date": "2023-03-25",
        "volume_tons": 1355,
        "asp": 21.93,
        "delivery_fee": 6.65,
        "total_asp": 28.58,
        "product": "#67 Stone",
        "product_type": "concrete_agg",
        "geology": "Hard Rock",
        "dist_from_plant": 16.55
      }
    },
    {
      "type": "Feature",
      "geometry": {
        "type": "Point",
        "coordinates": [
          -121.96769,
          47.16333
        ]
      },
      "properties": {
        "order_id": "ORD-0162",
        "plant_id": "PLT-001",
        "plant_name": "Cascade Quarry",
        "date": "2021-06-07",
        "volume_tons": 9960,
        "asp": 18.03,
        "delivery_fee": 11.14,
        "total_asp": 29.17,
        "product": "Rip-Rap",
        "product_type": "base",
        "geology": "Hard Rock",
        "dist_from_plant": 30.97
      }
    },
    {
      "type": "Feature",
      "geometry": {
        "type": "Point",
        "coordinates": [
          -122.6041,
          47.34295
        ]
      },
      "properties": {
        "order_id": "ORD-0163",
        "plant_id": "PLT-001",
        "plant_name": "Cascade Quarry",
        "date": "2021-10-06",
        "volume_tons": 421,
        "asp": 19.84,
        "delivery_fee": 14.42,
        "total_asp": 34.26,
        "product": "#67 Stone",
        "product_type": "concrete_agg",
        "geology": "Hard Rock",
        "dist_from_plant": 36.1
      }
    },
    {
      "type": "Feature",
      "geometry": {
        "type": "Point",
        "coordinates": [
          -121.5111,
          47.66582
        ]
      },
      "properties": {
        "order_id": "ORD-0164",
        "plant_id": "PLT-001",
        "plant_name": "Cascade Quarry",
        "date": "2024-04-19",
        "volume_tons": 1647,
        "asp": 19.89,
        "delivery_fee": 9.87,
        "total_asp": 29.76,
        "product": "Rip-Rap",
        "product_type": "base",
        "geology": "Hard Rock",
        "dist_from_plant": 23.98
      }
    },
    {
      "type": "Feature",
      "geometry": {
        "type": "Point",
        "coordinates": [
          -122.26213,
          47.86625
        ]
      },
      "properties": {
        "order_id": "ORD-0165",
        "plant_id": "PLT-001",
        "plant_name": "Cascade Quarry",
        "date": "2024-03-11",
        "volume_tons": 236,
        "asp": 21.74,
        "delivery_fee": 8.47,
        "total_asp": 30.21,
        "product": "#57 Stone",
        "product_type": "concrete_agg",
        "geology": "Hard Rock",
        "dist_from_plant": 22.36
      }
    },
    {
      "type": "Feature",
      "geometry": {
        "type": "Point",
        "coordinates": [
          -121.56879,
          47.6897
        ]
      },
      "properties": {
        "order_id": "ORD-0166",
        "plant_id": "PLT-001",
        "plant_name": "Cascade Quarry",
        "date": "2024-08-10",
        "volume_tons": 7166,
        "asp": 20.37,
        "delivery_fee": 7.49,
        "total_asp": 27.86,
        "product": "Rip-Rap",
        "product_type": "base",
        "geology": "Hard Rock",
        "dist_from_plant": 21.49
      }
    },
    {
      "type": "Feature",
      "geometry": {
        "type": "Point",
        "coordinates": [
          -121.90067,
          48.10863
        ]
      },
      "properties": {
        "order_id": "ORD-0167",
        "plant_id": "PLT-001",
        "plant_name": "Cascade Quarry",
        "date": "2024-05-26",
        "volume_tons": 6047,
        "asp": 21.48,
        "delivery_fee": 12.44,
        "total_asp": 33.92,
        "product": "#57 Stone",
        "product_type": "concrete_agg",
        "geology": "Hard Rock",
        "dist_from_plant": 34.53
      }
    },
    {
      "type": "Feature",
      "geometry": {
        "type": "Point",
        "coordinates": [
          -122.46218,
          47.55712
        ]
      },
      "properties": {
        "order_id": "ORD-0168",
        "plant_id": "PLT-001",
        "plant_name": "Cascade Quarry",
        "date": "2021-05-19",
        "volume_tons": 328,
        "asp": 20.71,
        "delivery_fee": 9.86,
        "total_asp": 30.57,
        "product": "#67 Stone",
        "product_type": "concrete_agg",
        "geology": "Hard Rock",
        "dist_from_plant": 24.16
      }
    },
    {
      "type": "Feature",
      "geometry": {
        "type": "Point",
        "coordinates": [
          -122.00478,
          47.34883
        ]
      },
      "properties": {
        "order_id": "ORD-0169",
        "plant_id": "PLT-001",
        "plant_name": "Cascade Quarry",
        "date": "2020-10-08",
        "volume_tons": 1299,
        "asp": 19.46,
        "delivery_fee": 6.64,
        "total_asp": 26.1,
        "product": "#57 Stone",
        "product_type": "concrete_agg",
        "geology": "Hard Rock",
        "dist_from_plant": 18.19
      }
    },
    {
      "type": "Feature",
      "geometry": {
        "type": "Point",
        "coordinates": [
          -122.13447,
          47.36195
        ]
      },
      "properties": {
        "order_id": "ORD-0170",
        "plant_id": "PLT-001",
        "plant_name": "Cascade Quarry",
        "date": "2024-10-06",
        "volume_tons": 5839,
        "asp": 20.8,
        "delivery_fee": 7.63,
        "total_asp": 28.43,
        "product": "Rip-Rap",
        "product_type": "base",
        "geology": "Hard Rock",
        "dist_from_plant": 18.8
      }
    },
    {
      "type": "Feature",
      "geometry": {
        "type": "Point",
        "coordinates": [
          -122.63319,
          47.51738
        ]
      },
      "properties": {
        "order_id": "ORD-0171",
        "plant_id": "PLT-001",
        "plant_name": "Cascade Quarry",
        "date": "2022-02-16",
        "volume_tons": 283,
        "asp": 19.22,
        "delivery_fee": 12.74,
        "total_asp": 31.96,
        "product": "#67 Stone",
        "product_type": "concrete_agg",
        "geology": "Hard Rock",
        "dist_from_plant": 33.06
      }
    },
    {
      "type": "Feature",
      "geometry": {
        "type": "Point",
        "coordinates": [
          -121.66263,
          47.76718
        ]
      },
      "properties": {
        "order_id": "ORD-0172",
        "plant_id": "PLT-001",
        "plant_name": "Cascade Quarry",
        "date": "2020-10-04",
        "volume_tons": 6335,
        "asp": 19.59,
        "delivery_fee": 7.73,
        "total_asp": 27.32,
        "product": "#67 Stone",
        "product_type": "concrete_agg",
        "geology": "Hard Rock",
        "dist_from_plant": 19.35
      }
    },
    {
      "type": "Feature",
      "geometry": {
        "type": "Point",
        "coordinates": [
          -121.68759,
          47.19541
        ]
      },
      "properties": {
        "order_id": "ORD-0173",
        "plant_id": "PLT-001",
        "plant_name": "Cascade Quarry",
        "date": "2021-10-09",
        "volume_tons": 2453,
        "asp": 19.26,
        "delivery_fee": 13.18,
        "total_asp": 32.44,
        "product": "#67 Stone",
        "product_type": "concrete_agg",
        "geology": "Hard Rock",
        "dist_from_plant": 32.36
      }
    },
    {
      "type": "Feature",
      "geometry": {
        "type": "Point",
        "coordinates": [
          -121.38474,
          47.79027
        ]
      },
      "properties": {
        "order_id": "ORD-0174",
        "plant_id": "PLT-001",
        "plant_name": "Cascade Quarry",
        "date": "2021-09-12",
        "volume_tons": 1934,
        "asp": 20.39,
        "delivery_fee": 11.33,
        "total_asp": 31.72,
        "product": "#57 Stone",
        "product_type": "concrete_agg",
        "geology": "Hard Rock",
        "dist_from_plant": 32.44
      }
    },
    {
      "type": "Feature",
      "geometry": {
        "type": "Point",
        "coordinates": [
          -121.40813,
          47.81489
        ]
      },
      "properties": {
        "order_id": "ORD-0175",
        "plant_id": "PLT-001",
        "plant_name": "Cascade Quarry",
        "date": "2024-01-17",
        "volume_tons": 1956,
        "asp": 20.56,
        "delivery_fee": 12.96,
        "total_asp": 33.52,
        "product": "Dense-Grade Base",
        "product_type": "base",
        "geology": "Hard Rock",
        "dist_from_plant": 32.06
      }
    },
    {
      "type": "Feature",
      "geometry": {
        "type": "Point",
        "coordinates": [
          -121.64301,
          47.09062
        ]
      },
      "properties": {
        "order_id": "ORD-0176",
        "plant_id": "PLT-001",
        "plant_name": "Cascade Quarry",
        "date": "2022-12-14",
        "volume_tons": 204,
        "asp": 20.76,
        "delivery_fee": 16.24,
        "total_asp": 37.0,
        "product": "#67 Stone",
        "product_type": "concrete_agg",
        "geology": "Hard Rock",
        "dist_from_plant": 39.83
      }
    },
    {
      "type": "Feature",
      "geometry": {
        "type": "Point",
        "coordinates": [
          -122.63746,
          47.34964
        ]
      },
      "properties": {
        "order_id": "ORD-0177",
        "plant_id": "PLT-001",
        "plant_name": "Cascade Quarry",
        "date": "2024-09-27",
        "volume_tons": 6638,
        "asp": 22.11,
        "delivery_fee": 13.25,
        "total_asp": 35.36,
        "product": "#57 Stone",
        "product_type": "concrete_agg",
        "geology": "Hard Rock",
        "dist_from_plant": 37.31
      }
    },
    {
      "type": "Feature",
      "geometry": {
        "type": "Point",
        "coordinates": [
          -122.72106,
          47.49733
        ]
      },
      "properties": {
        "order_id": "ORD-0178",
        "plant_id": "PLT-001",
        "plant_name": "Cascade Quarry",
        "date": "2020-05-24",
        "volume_tons": 189,
        "asp": 17.63,
        "delivery_fee": 14.83,
        "total_asp": 32.46,
        "product": "#57 Stone",
        "product_type": "concrete_agg",
        "geology": "Hard Rock",
        "dist_from_plant": 37.64
      }
    },
    {
      "type": "Feature",
      "geometry": {
        "type": "Point",
        "coordinates": [
          -122.04854,
          47.11076
        ]
      },
      "properties": {
        "order_id": "ORD-0179",
        "plant_id": "PLT-001",
        "plant_name": "Cascade Quarry",
        "date": "2023-12-06",
        "volume_tons": 4586,
        "asp": 21.5,
        "delivery_fee": 13.12,
        "total_asp": 34.62,
        "product": "#57 Stone",
        "product_type": "concrete_agg",
        "geology": "Hard Rock",
        "dist_from_plant": 34.73
      }
    },
    {
      "type": "Feature",
      "geometry": {
        "type": "Point",
        "coordinates": [
          -121.69195,
          47.82778
        ]
      },
      "properties": {
        "order_id": "ORD-0180",
        "plant_id": "PLT-001",
        "plant_name": "Cascade Quarry",
        "date": "2021-08-30",
        "volume_tons": 1770,
        "asp": 20.81,
        "delivery_fee": 8.35,
        "total_asp": 29.16,
        "product": "#67 Stone",
        "product_type": "concrete_agg",
        "geology": "Hard Rock",
        "dist_from_plant": 20.89
      }
    },
    {
      "type": "Feature",
      "geometry": {
        "type": "Point",
        "coordinates": [
          -122.58934,
          47.27855
        ]
      },
      "properties": {
        "order_id": "ORD-0181",
        "plant_id": "PLT-001",
        "plant_name": "Cascade Quarry",
        "date": "2022-08-14",
        "volume_tons": 7682,
        "asp": 20.58,
        "delivery_fee": 15.85,
        "total_asp": 36.43,
        "product": "#67 Stone",
        "product_type": "concrete_agg",
        "geology": "Hard Rock",
        "dist_from_plant": 37.98
      }
    },
    {
      "type": "Feature",
      "geometry": {
        "type": "Point",
        "coordinates": [
          -121.52026,
          47.80295
        ]
      },
      "properties": {
        "order_id": "ORD-0182",
        "plant_id": "PLT-001",
        "plant_name": "Cascade Quarry",
        "date": "2020-05-11",
        "volume_tons": 1082,
        "asp": 16.34,
        "delivery_fee": 10.31,
        "total_asp": 26.65,
        "product": "Rip-Rap",
        "product_type": "base",
        "geology": "Hard Rock",
        "dist_from_plant": 26.71
      }
    },
    {
      "type": "Feature",
      "geometry": {
        "type": "Point",
        "coordinates": [
          -122.54649,
          47.92464
        ]
      },
      "properties": {
        "order_id": "ORD-0183",
        "plant_id": "PLT-001",
        "plant_name": "Cascade Quarry",
        "date": "2020-07-26",
        "volume_tons": 325,
        "asp": 20.05,
        "delivery_fee": 13.33,
        "total_asp": 33.38,
        "product": "#67 Stone",
        "product_type": "concrete_agg",
        "geology": "Hard Rock",
        "dist_from_plant": 35.41
      }
    },
    {
      "type": "Feature",
      "geometry": {
        "type": "Point",
        "coordinates": [
          -121.63917,
          47.79438
        ]
      },
      "properties": {
        "order_id": "ORD-0184",
        "plant_id": "PLT-001",
        "plant_name": "Cascade Quarry",
        "date": "2024-07-14",
        "volume_tons": 4665,
        "asp": 20.91,
        "delivery_fee": 8.56,
        "total_asp": 29.47,
        "product": "Dense-Grade Base",
        "product_type": "base",
        "geology": "Hard Rock",
        "dist_from_plant": 21.39
      }
    },
    {
      "type": "Feature",
      "geometry": {
        "type": "Point",
        "coordinates": [
          -122.16069,
          47.54363
        ]
      },
      "properties": {
        "order_id": "ORD-0185",
        "plant_id": "PLT-001",
        "plant_name": "Cascade Quarry",
        "date": "2024-04-23",
        "volume_tons": 437,
        "asp": 22.25,
        "delivery_fee": 3.57,
        "total_asp": 25.82,
        "product": "#67 Stone",
        "product_type": "concrete_agg",
        "geology": "Hard Rock",
        "dist_from_plant": 9.97
      }
    },
    {
      "type": "Feature",
      "geometry": {
        "type": "Point",
        "coordinates": [
          -121.92395,
          47.53844
        ]
      },
      "properties": {
        "order_id": "ORD-0186",
        "plant_id": "PLT-001",
        "plant_name": "Cascade Quarry",
        "date": "2022-02-21",
        "volume_tons": 129,
        "asp": 21.7,
        "delivery_fee": 2.03,
        "total_asp": 23.73,
        "product": "#67 Stone",
        "product_type": "concrete_agg",
        "geology": "Hard Rock",
        "dist_from_plant": 5.92
      }
    },
    {
      "type": "Feature",
      "geometry": {
        "type": "Point",
        "coordinates": [
          -122.6127,
          47.83696
        ]
      },
      "properties": {
        "order_id": "ORD-0187",
        "plant_id": "PLT-001",
        "plant_name": "Cascade Quarry",
        "date": "2024-01-15",
        "volume_tons": 270,
        "asp": 17.68,
        "delivery_fee": 13.32,
        "total_asp": 31.0,
        "product": "Dense-Grade Base",
        "product_type": "base",
        "geology": "Hard Rock",
        "dist_from_plant": 35.01
      }
    },
    {
      "type": "Feature",
      "geometry": {
        "type": "Point",
        "coordinates": [
          -121.77102,
          47.05931
        ]
      },
      "properties": {
        "order_id": "ORD-0188",
        "plant_id": "PLT-001",
        "plant_name": "Cascade Quarry",
        "date": "2023-09-07",
        "volume_tons": 4578,
        "asp": 20.06,
        "delivery_fee": 16.45,
        "total_asp": 36.51,
        "product": "Dense-Grade Base",
        "product_type": "base",
        "geology": "Hard Rock",
        "dist_from_plant": 39.61
      }
    },
    {
      "type": "Feature",
      "geometry": {
        "type": "Point",
        "coordinates": [
          -121.36657,
          47.28433
        ]
      },
      "properties": {
        "order_id": "ORD-0189",
        "plant_id": "PLT-001",
        "plant_name": "Cascade Quarry",
        "date": "2024-11-17",
        "volume_tons": 414,
        "asp": 20.98,
        "delivery_fee": 15.24,
        "total_asp": 36.22,
        "product": "Dense-Grade Base",
        "product_type": "base",
        "geology": "Hard Rock",
        "dist_from_plant": 38.31
      }
    },
    {
      "type": "Feature",
      "geometry": {
        "type": "Point",
        "coordinates": [
          -121.81181,
          47.10472
        ]
      },
      "properties": {
        "order_id": "ORD-0190",
        "plant_id": "PLT-001",
        "plant_name": "Cascade Quarry",
        "date": "2021-01-22",
        "volume_tons": 1824,
        "asp": 20.75,
        "delivery_fee": 13.53,
        "total_asp": 34.28,
        "product": "#57 Stone",
        "product_type": "concrete_agg",
        "geology": "Hard Rock",
        "dist_from_plant": 36.06
      }
    },
    {
      "type": "Feature",
      "geometry": {
        "type": "Point",
        "coordinates": [
          -121.98455,
          48.00199
        ]
      },
      "properties": {
        "order_id": "ORD-0191",
        "plant_id": "PLT-001",
        "plant_name": "Cascade Quarry",
        "date": "2024-01-16",
        "volume_tons": 456,
        "asp": 17.88,
        "delivery_fee": 10.82,
        "total_asp": 28.7,
        "product": "Rip-Rap",
        "product_type": "base",
        "geology": "Hard Rock",
        "dist_from_plant": 26.91
      }
    },
    {
      "type": "Feature",
      "geometry": {
        "type": "Point",
        "coordinates": [
          -121.96812,
          47.82531
        ]
      },
      "properties": {
        "order_id": "ORD-0192",
        "plant_id": "PLT-001",
        "plant_name": "Cascade Quarry",
        "date": "2024-10-11",
        "volume_tons": 1743,
        "asp": 22.78,
        "delivery_fee": 5.4,
        "total_asp": 28.18,
        "product": "#67 Stone",
        "product_type": "concrete_agg",
        "geology": "Hard Rock",
        "dist_from_plant": 14.74
      }
    },
    {
      "type": "Feature",
      "geometry": {
        "type": "Point",
        "coordinates": [
          -122.68887,
          47.83476
        ]
      },
      "properties": {
        "order_id": "ORD-0193",
        "plant_id": "PLT-001",
        "plant_name": "Cascade Quarry",
        "date": "2023-09-06",
        "volume_tons": 3915,
        "asp": 17.6,
        "delivery_fee": 15.22,
        "total_asp": 32.82,
        "product": "Dense-Grade Base",
        "product_type": "base",
        "geology": "Hard Rock",
        "dist_from_plant": 38.4
      }
    },
    {
      "type": "Feature",
      "geometry": {
        "type": "Point",
        "coordinates": [
          -121.49896,
          47.29657
        ]
      },
      "properties": {
        "order_id": "ORD-0194",
        "plant_id": "PLT-001",
        "plant_name": "Cascade Quarry",
        "date": "2021-08-26",
        "volume_tons": 1221,
        "asp": 19.0,
        "delivery_fee": 11.55,
        "total_asp": 30.55,
        "product": "Rip-Rap",
        "product_type": "base",
        "geology": "Hard Rock",
        "dist_from_plant": 32.62
      }
    },
    {
      "type": "Feature",
      "geometry": {
        "type": "Point",
        "coordinates": [
          -121.20247,
          47.58974
        ]
      },
      "properties": {
        "order_id": "ORD-0195",
        "plant_id": "PLT-001",
        "plant_name": "Cascade Quarry",
        "date": "2021-10-15",
        "volume_tons": 542,
        "asp": 17.62,
        "delivery_fee": 14.95,
        "total_asp": 32.57,
        "product": "Rip-Rap",
        "product_type": "base",
        "geology": "Hard Rock",
        "dist_from_plant": 39.16
      }
    },
    {
      "type": "Feature",
      "geometry": {
        "type": "Point",
        "coordinates": [
          -121.84233,
          47.47865
        ]
      },
      "properties": {
        "order_id": "ORD-0196",
        "plant_id": "PLT-001",
        "plant_name": "Cascade Quarry",
        "date": "2021-03-25",
        "volume_tons": 1721,
        "asp": 18.5,
        "delivery_fee": 4.02,
        "total_asp": 22.52,
        "product": "Rip-Rap",
        "product_type": "base",
        "geology": "Hard Rock",
        "dist_from_plant": 11.64
      }
    },
    {
      "type": "Feature",
      "geometry": {
        "type": "Point",
        "coordinates": [
          -122.1948,
          47.29876
        ]
      },
      "properties": {
        "order_id": "ORD-0197",
        "plant_id": "PLT-001",
        "plant_name": "Cascade Quarry",
        "date": "2023-11-13",
        "volume_tons": 227,
        "asp": 18.94,
        "delivery_fee": 8.25,
        "total_asp": 27.19,
        "product": "Dense-Grade Base",
        "product_type": "base",
        "geology": "Hard Rock",
        "dist_from_plant": 24.02
      }
    },
    {
      "type": "Feature",
      "geometry": {
        "type": "Point",
        "coordinates": [
          -121.97658,
          47.4652
        ]
      },
      "properties": {
        "order_id": "ORD-0198",
        "plant_id": "PLT-001",
        "plant_name": "Cascade Quarry",
        "date": "2023-05-09",
        "volume_tons": 220,
        "asp": 18.7,
        "delivery_fee": 3.84,
        "total_asp": 22.54,
        "product": "Rip-Rap",
        "product_type": "base",
        "geology": "Hard Rock",
        "dist_from_plant": 10.14
      }
    },
    {
      "type": "Feature",
      "geometry": {
        "type": "Point",
        "coordinates": [
          -121.92494,
          47.77885
        ]
      },
      "properties": {
        "order_id": "ORD-0199",
        "plant_id": "PLT-001",
        "plant_name": "Cascade Quarry",
        "date": "2023-10-24",
        "volume_tons": 1861,
        "asp": 19.38,
        "delivery_fee": 4.55,
        "total_asp": 23.93,
        "product": "Rip-Rap",
        "product_type": "base",
        "geology": "Hard Rock",
        "dist_from_plant": 11.9
      }
    },
    {
      "type": "Feature",
      "geometry": {
        "type": "Point",
        "coordinates": [
          -122.08438,
          47.83574
        ]
      },
      "properties": {
        "order_id": "ORD-0200",
        "plant_id": "PLT-001",
        "plant_name": "Cascade Quarry",
        "date": "2024-03-06",
        "volume_tons": 1728,
        "asp": 21.5,
        "delivery_fee": 6.51,
        "total_asp": 28.01,
        "product": "#57 Stone",
        "product_type": "concrete_agg",
        "geology": "Hard Rock",
        "dist_from_plant": 16.22
      }
    },
    {
      "type": "Feature",
      "geometry": {
        "type": "Point",
        "coordinates": [
          -121.85977,
          47.02213
        ]
      },
      "properties": {
        "order_id": "ORD-0201",
        "plant_id": "PLT-002",
        "plant_name": "Puget Sound Aggregates",
        "date": "2022-10-13",
        "volume_tons": 237,
        "asp": 11.91,
        "delivery_fee": 13.53,
        "total_asp": 25.44,
        "product": "#57 Gravel",
        "product_type": "base",
        "geology": "Sand & Gravel",
        "dist_from_plant": 34.06
      }
    },
    {
      "type": "Feature",
      "geometry": {
        "type": "Point",
        "coordinates": [
          -122.42019,
          47.64046
        ]
      },
      "properties": {
        "order_id": "ORD-0202",
        "plant_id": "PLT-002",
        "plant_name": "Puget Sound Aggregates",
        "date": "2024-11-16",
        "volume_tons": 3260,
        "asp": 13.65,
        "delivery_fee": 6.91,
        "total_asp": 20.56,
        "product": "Pea Gravel",
        "product_type": "concrete_agg",
        "geology": "Sand & Gravel",
        "dist_from_plant": 17.11
      }
    },
    {
      "type": "Feature",
      "geometry": {
        "type": "Point",
        "coordinates": [
          -122.22867,
          47.53457
        ]
      },
      "properties": {
        "order_id": "ORD-0203",
        "plant_id": "PLT-002",
        "plant_name": "Puget Sound Aggregates",
        "date": "2024-07-07",
        "volume_tons": 248,
        "asp": 12.72,
        "delivery_fee": 2.88,
        "total_asp": 15.6,
        "product": "#57 Gravel",
        "product_type": "base",
        "geology": "Sand & Gravel",
        "dist_from_plant": 8.0
      }
    },
    {
      "type": "Feature",
      "geometry": {
        "type": "Point",
        "coordinates": [
          -122.12717,
          47.04364
        ]
      },
      "properties": {
        "order_id": "ORD-0204",
        "plant_id": "PLT-002",
        "plant_name": "Puget Sound Aggregates",
        "date": "2020-12-23",
        "volume_tons": 6056,
        "asp": 10.53,
        "delivery_fee": 9.68,
        "total_asp": 20.21,
        "product": "#57 Gravel",
        "product_type": "base",
        "geology": "Sand & Gravel",
        "dist_from_plant": 26.88
      }
    },
    {
      "type": "Feature",
      "geometry": {
        "type": "Point",
        "coordinates": [
          -122.55848,
          47.51039
        ]
      },
      "properties": {
        "order_id": "ORD-0205",
        "plant_id": "PLT-002",
        "plant_name": "Puget Sound Aggregates",
        "date": "2024-03-11",
        "volume_tons": 136,
        "asp": 12.45,
        "delivery_fee": 6.41,
        "total_asp": 18.86,
        "product": "Pea Gravel",
        "product_type": "concrete_agg",
        "geology": "Sand & Gravel",
        "dist_from_plant": 16.1
      }
    },
    {
      "type": "Feature",
      "geometry": {
        "type": "Point",
        "coordinates": [
          -122.02939,
          46.95103
        ]
      },
      "properties": {
        "order_id": "ORD-0206",
        "plant_id": "PLT-002",
        "plant_name": "Puget Sound Aggregates",
        "date": "2020-08-15",
        "volume_tons": 360,
        "asp": 11.34,
        "delivery_fee": 12.44,
        "total_asp": 23.78,
        "product": "Pea Gravel",
        "product_type": "concrete_agg",
        "geology": "Sand & Gravel",
        "dist_from_plant": 34.43
      }
    },
    {
      "type": "Feature",
      "geometry": {
        "type": "Point",
        "coordinates": [
          -121.52476,
          47.38359
        ]
      },
      "properties": {
        "order_id": "ORD-0207",
        "plant_id": "PLT-002",
        "plant_name": "Puget Sound Aggregates",
        "date": "2024-12-18",
        "volume_tons": 1107,
        "asp": 11.06,
        "delivery_fee": 12.92,
        "total_asp": 23.98,
        "product": "#57 Gravel",
        "product_type": "base",
        "geology": "Sand & Gravel",
        "dist_from_plant": 36.9
      }
    },
    {
      "type": "Feature",
      "geometry": {
        "type": "Point",
        "coordinates": [
          -121.64781,
          47.60575
        ]
      },
      "properties": {
        "order_id": "ORD-0208",
        "plant_id": "PLT-002",
        "plant_name": "Puget Sound Aggregates",
        "date": "2020-11-07",
        "volume_tons": 4382,
        "asp": 11.22,
        "delivery_fee": 11.44,
        "total_asp": 22.66,
        "product": "Pea Gravel",
        "product_type": "concrete_agg",
        "geology": "Sand & Gravel",
        "dist_from_plant": 33.2
      }
    },
    {
      "type": "Feature",
      "geometry": {
        "type": "Point",
        "coordinates": [
          -121.91614,
          46.92727
        ]
      },
      "properties": {
        "order_id": "ORD-0209",
        "plant_id": "PLT-002",
        "plant_name": "Puget Sound Aggregates",
        "date": "2022-11-30",
        "volume_tons": 357,
        "asp": 12.1,
        "delivery_fee": 15.81,
        "total_asp": 27.91,
        "product": "Pea Gravel",
        "product_type": "concrete_agg",
        "geology": "Sand & Gravel",
        "dist_from_plant": 38.18
      }
    },
    {
      "type": "Feature",
      "geometry": {
        "type": "Point",
        "coordinates": [
          -122.7259,
          47.49235
        ]
      },
      "properties": {
        "order_id": "ORD-0210",
        "plant_id": "PLT-002",
        "plant_name": "Puget Sound Aggregates",
        "date": "2023-12-29",
        "volume_tons": 1688,
        "asp": 12.44,
        "delivery_fee": 8.77,
        "total_asp": 21.21,
        "product": "Mason Sand",
        "product_type": "concrete_agg",
        "geology": "Sand & Gravel",
        "dist_from_plant": 23.76
      }
    },
    {
      "type": "Feature",
      "geometry": {
        "type": "Point",
        "coordinates": [
          -121.81718,
          47.67693
        ]
      },
      "properties": {
        "order_id": "ORD-0211",
        "plant_id": "PLT-002",
        "plant_name": "Puget Sound Aggregates",
        "date": "2023-12-06",
        "volume_tons": 1683,
        "asp": 12.29,
        "delivery_fee": 9.84,
        "total_asp": 22.13,
        "product": "#57 Gravel",
        "product_type": "base",
        "geology": "Sand & Gravel",
        "dist_from_plant": 28.36
      }
    },
    {
      "type": "Feature",
      "geometry": {
        "type": "Point",
        "coordinates": [
          -121.76122,
          47.79934
        ]
      },
      "properties": {
        "order_id": "ORD-0212",
        "plant_id": "PLT-002",
        "plant_name": "Puget Sound Aggregates",
        "date": "2020-12-22",
        "volume_tons": 1545,
        "asp": 12.06,
        "delivery_fee": 13.56,
        "total_asp": 25.62,
        "product": "Concrete Sand",
        "product_type": "concrete_agg",
        "geology": "Sand & Gravel",
        "dist_from_plant": 36.14
      }
    },
    {
      "type": "Feature",
      "geometry": {
        "type": "Point",
        "coordinates": [
          -122.35797,
          47.97456
        ]
      },
      "properties": {
        "order_id": "ORD-0213",
        "plant_id": "PLT-002",
        "plant_name": "Puget Sound Aggregates",
        "date": "2023-10-12",
        "volume_tons": 261,
        "asp": 12.06,
        "delivery_fee": 16.04,
        "total_asp": 28.1,
        "product": "#57 Gravel",
        "product_type": "base",
        "geology": "Sand & Gravel",
        "dist_from_plant": 38.5
      }
    },
    {
      "type": "Feature",
      "geometry": {
        "type": "Point",
        "coordinates": [
          -122.57208,
          47.36428
        ]
      },
      "properties": {
        "order_id": "ORD-0214",
        "plant_id": "PLT-002",
        "plant_name": "Puget Sound Aggregates",
        "date": "2024-07-18",
        "volume_tons": 290,
        "asp": 12.71,
        "delivery_fee": 6.35,
        "total_asp": 19.06,
        "product": "#57 Gravel",
        "product_type": "base",
        "geology": "Sand & Gravel",
        "dist_from_plant": 16.04
      }
    },
    {
      "type": "Feature",
      "geometry": {
        "type": "Point",
        "coordinates": [
          -122.48547,
          47.26417
        ]
      },
      "properties": {
        "order_id": "ORD-0215",
        "plant_id": "PLT-002",
        "plant_name": "Puget Sound Aggregates",
        "date": "2023-11-01",
        "volume_tons": 5364,
        "asp": 12.88,
        "delivery_fee": 6.2,
        "total_asp": 19.08,
        "product": "Mason Sand",
        "product_type": "concrete_agg",
        "geology": "Sand & Gravel",
        "dist_from_plant": 15.59
      }
    },
    {
      "type": "Feature",
      "geometry": {
        "type": "Point",
        "coordinates": [
          -122.69757,
          47.56954
        ]
      },
      "properties": {
        "order_id": "ORD-0216",
        "plant_id": "PLT-002",
        "plant_name": "Puget Sound Aggregates",
        "date": "2021-03-03",
        "volume_tons": 828,
        "asp": 12.02,
        "delivery_fee": 9.15,
        "total_asp": 21.17,
        "product": "Pea Gravel",
        "product_type": "concrete_agg",
        "geology": "Sand & Gravel",
        "dist_from_plant": 24.11
      }
    },
    {
      "type": "Feature",
      "geometry": {
        "type": "Point",
        "coordinates": [
          -122.20475,
          47.82586
        ]
      },
      "properties": {
        "order_id": "ORD-0217",
        "plant_id": "PLT-002",
        "plant_name": "Puget Sound Aggregates",
        "date": "2024-09-19",
        "volume_tons": 211,
        "asp": 11.89,
        "delivery_fee": 11.13,
        "total_asp": 23.02,
        "product": "#57 Gravel",
        "product_type": "base",
        "geology": "Sand & Gravel",
        "dist_from_plant": 28.08
      }
    },
    {
      "type": "Feature",
      "geometry": {
        "type": "Point",
        "coordinates": [
          -121.75558,
          47.33956
        ]
      },
      "properties": {
        "order_id": "ORD-0218",
        "plant_id": "PLT-002",
        "plant_name": "Puget Sound Aggregates",
        "date": "2022-09-12",
        "volume_tons": 493,
        "asp": 12.99,
        "delivery_fee": 10.63,
        "total_asp": 23.62,
        "product": "Concrete Sand",
        "product_type": "concrete_agg",
        "geology": "Sand & Gravel",
        "dist_from_plant": 25.89
      }
    },
    {
      "type": "Feature",
      "geometry": {
        "type": "Point",
        "coordinates": [
          -122.53146,
          47.45055
        ]
      },
      "properties": {
        "order_id": "ORD-0219",
        "plant_id": "PLT-002",
        "plant_name": "Puget Sound Aggregates",
        "date": "2023-04-19",
        "volume_tons": 494,
        "asp": 11.83,
        "delivery_fee": 4.73,
        "total_asp": 16.56,
        "product": "#57 Gravel",
        "product_type": "base",
        "geology": "Sand & Gravel",
        "dist_from_plant": 13.68
      }
    },
    {
      "type": "Feature",
      "geometry": {
        "type": "Point",
        "coordinates": [
          -122.8236,
          47.14046
        ]
      },
      "properties": {
        "order_id": "ORD-0220",
        "plant_id": "PLT-002",
        "plant_name": "Puget Sound Aggregates",
        "date": "2023-07-27",
        "volume_tons": 479,
        "asp": 13.69,
        "delivery_fee": 13.87,
        "total_asp": 27.56,
        "product": "Concrete Sand",
        "product_type": "concrete_agg",
        "geology": "Sand & Gravel",
        "dist_from_plant": 34.15
      }
    },
    {
      "type": "Feature",
      "geometry": {
        "type": "Point",
        "coordinates": [
          -122.38445,
          47.5963
        ]
      },
      "properties": {
        "order_id": "ORD-0221",
        "plant_id": "PLT-002",
        "plant_name": "Puget Sound Aggregates",
        "date": "2022-12-21",
        "volume_tons": 420,
        "asp": 11.82,
        "delivery_fee": 5.63,
        "total_asp": 17.45,
        "product": "Mason Sand",
        "product_type": "concrete_agg",
        "geology": "Sand & Gravel",
        "dist_from_plant": 13.58
      }
    },
    {
      "type": "Feature",
      "geometry": {
        "type": "Point",
        "coordinates": [
          -122.03641,
          47.44566
        ]
      },
      "properties": {
        "order_id": "ORD-0222",
        "plant_id": "PLT-002",
        "plant_name": "Puget Sound Aggregates",
        "date": "2020-10-03",
        "volume_tons": 392,
        "asp": 11.24,
        "delivery_fee": 3.95,
        "total_asp": 15.19,
        "product": "Mason Sand",
        "product_type": "concrete_agg",
        "geology": "Sand & Gravel",
        "dist_from_plant": 11.36
      }
    },
    {
      "type": "Feature",
      "geometry": {
        "type": "Point",
        "coordinates": [
          -121.61889,
          47.53581
        ]
      },
      "properties": {
        "order_id": "ORD-0223",
        "plant_id": "PLT-002",
        "plant_name": "Puget Sound Aggregates",
        "date": "2022-05-09",
        "volume_tons": 309,
        "asp": 13.27,
        "delivery_fee": 12.13,
        "total_asp": 25.4,
        "product": "Pea Gravel",
        "product_type": "concrete_agg",
        "geology": "Sand & Gravel",
        "dist_from_plant": 33.07
      }
    },
    {
      "type": "Feature",
      "geometry": {
        "type": "Point",
        "coordinates": [
          -122.81283,
          47.14347
        ]
      },
      "properties": {
        "order_id": "ORD-0224",
        "plant_id": "PLT-002",
        "plant_name": "Puget Sound Aggregates",
        "date": "2024-01-06",
        "volume_tons": 1591,
        "asp": 11.88,
        "delivery_fee": 13.17,
        "total_asp": 25.05,
        "product": "#57 Gravel",
        "product_type": "base",
        "geology": "Sand & Gravel",
        "dist_from_plant": 33.59
      }
    },
    {
      "type": "Feature",
      "geometry": {
        "type": "Point",
        "coordinates": [
          -122.80693,
          47.05266
        ]
      },
      "properties": {
        "order_id": "ORD-0225",
        "plant_id": "PLT-002",
        "plant_name": "Puget Sound Aggregates",
        "date": "2023-08-03",
        "volume_tons": 1616,
        "asp": 13.01,
        "delivery_fee": 14.64,
        "total_asp": 27.65,
        "product": "Pea Gravel",
        "product_type": "concrete_agg",
        "geology": "Sand & Gravel",
        "dist_from_plant": 37.3
      }
    },
    {
      "type": "Feature",
      "geometry": {
        "type": "Point",
        "coordinates": [
          -122.13839,
          47.32379
        ]
      },
      "properties": {
        "order_id": "ORD-0226",
        "plant_id": "PLT-002",
        "plant_name": "Puget Sound Aggregates",
        "date": "2023-12-26",
        "volume_tons": 2507,
        "asp": 12.79,
        "delivery_fee": 3.57,
        "total_asp": 16.36,
        "product": "Concrete Sand",
        "product_type": "concrete_agg",
        "geology": "Sand & Gravel",
        "dist_from_plant": 9.09
      }
    },
    {
      "type": "Feature",
      "geometry": {
        "type": "Point",
        "coordinates": [
          -121.60403,
          47.41251
        ]
      },
      "properties": {
        "order_id": "ORD-0227",
        "plant_id": "PLT-002",
        "plant_name": "Puget Sound Aggregates",
        "date": "2022-04-05",
        "volume_tons": 171,
        "asp": 11.0,
        "delivery_fee": 11.74,
        "total_asp": 22.74,
        "product": "#57 Gravel",
        "product_type": "base",
        "geology": "Sand & Gravel",
        "dist_from_plant": 32.85
      }
    },
    {
      "type": "Feature",
      "geometry": {
        "type": "Point",
        "coordinates": [
          -122.71631,
          47.4443
        ]
      },
      "properties": {
        "order_id": "ORD-0228",
        "plant_id": "PLT-002",
        "plant_name": "Puget Sound Aggregates",
        "date": "2023-11-15",
        "volume_tons": 453,
        "asp": 13.35,
        "delivery_fee": 9.41,
        "total_asp": 22.76,
        "product": "Pea Gravel",
        "product_type": "concrete_agg",
        "geology": "Sand & Gravel",
        "dist_from_plant": 22.82
      }
    },
    {
      "type": "Feature",
      "geometry": {
        "type": "Point",
        "coordinates": [
          -122.32987,
          47.04565
        ]
      },
      "properties": {
        "order_id": "ORD-0229",
        "plant_id": "PLT-002",
        "plant_name": "Puget Sound Aggregates",
        "date": "2021-11-30",
        "volume_tons": 7910,
        "asp": 11.68,
        "delivery_fee": 9.97,
        "total_asp": 21.65,
        "product": "Mason Sand",
        "product_type": "concrete_agg",
        "geology": "Sand & Gravel",
        "dist_from_plant": 26.13
      }
    },
    {
      "type": "Feature",
      "geometry": {
        "type": "Point",
        "coordinates": [
          -121.87342,
          47.05938
        ]
      },
      "properties": {
        "order_id": "ORD-0230",
        "plant_id": "PLT-002",
        "plant_name": "Puget Sound Aggregates",
        "date": "2024-08-06",
        "volume_tons": 6244,
        "asp": 14.14,
        "delivery_fee": 10.93,
        "total_asp": 25.07,
        "product": "Mason Sand",
        "product_type": "concrete_agg",
        "geology": "Sand & Gravel",
        "dist_from_plant": 31.59
      }
    },
    {
      "type": "Feature",
      "geometry": {
        "type": "Point",
        "coordinates": [
          -122.15577,
          47.26927
        ]
      },
      "properties": {
        "order_id": "ORD-0231",
        "plant_id": "PLT-002",
        "plant_name": "Puget Sound Aggregates",
        "date": "2023-05-09",
        "volume_tons": 6255,
        "asp": 12.96,
        "delivery_fee": 4.21,
        "total_asp": 17.17,
        "product": "Pea Gravel",
        "product_type": "concrete_agg",
        "geology": "Sand & Gravel",
        "dist_from_plant": 11.72
      }
    },
    {
      "type": "Feature",
      "geometry": {
        "type": "Point",
        "coordinates": [
          -122.38333,
          47.20386
        ]
      },
      "properties": {
        "order_id": "ORD-0232",
        "plant_id": "PLT-002",
        "plant_name": "Puget Sound Aggregates",
        "date": "2022-12-07",
        "volume_tons": 1042,
        "asp": 12.01,
        "delivery_fee": 6.34,
        "total_asp": 18.35,
        "product": "Pea Gravel",
        "product_type": "concrete_agg",
        "geology": "Sand & Gravel",
        "dist_from_plant": 16.18
      }
    },
    {
      "type": "Feature",
      "geometry": {
        "type": "Point",
        "coordinates": [
          -121.68567,
          47.06814
        ]
      },
      "properties": {
        "order_id": "ORD-0233",
        "plant_id": "PLT-002",
        "plant_name": "Puget Sound Aggregates",
        "date": "2023-10-07",
        "volume_tons": 1552,
        "asp": 10.76,
        "delivery_fee": 15.67,
        "total_asp": 26.43,
        "product": "#57 Gravel",
        "product_type": "base",
        "geology": "Sand & Gravel",
        "dist_from_plant": 37.69
      }
    },
    {
      "type": "Feature",
      "geometry": {
        "type": "Point",
        "coordinates": [
          -122.44766,
          47.14526
        ]
      },
      "properties": {
        "order_id": "ORD-0234",
        "plant_id": "PLT-002",
        "plant_name": "Puget Sound Aggregates",
        "date": "2024-07-28",
        "volume_tons": 344,
        "asp": 12.23,
        "delivery_fee": 7.47,
        "total_asp": 19.7,
        "product": "Concrete Sand",
        "product_type": "concrete_agg",
        "geology": "Sand & Gravel",
        "dist_from_plant": 21.19
      }
    },
    {
      "type": "Feature",
      "geometry": {
        "type": "Point",
        "coordinates": [
          -121.97576,
          47.36389
        ]
      },
      "properties": {
        "order_id": "ORD-0235",
        "plant_id": "PLT-002",
        "plant_name": "Puget Sound Aggregates",
        "date": "2024-08-11",
        "volume_tons": 1339,
        "asp": 13.76,
        "delivery_fee": 5.64,
        "total_asp": 19.4,
        "product": "Concrete Sand",
        "product_type": "concrete_agg",
        "geology": "Sand & Gravel",
        "dist_from_plant": 14.8
      }
    },
    {
      "type": "Feature",
      "geometry": {
        "type": "Point",
        "coordinates": [
          -121.95906,
          47.65333
        ]
      },
      "properties": {
        "order_id": "ORD-0236",
        "plant_id": "PLT-002",
        "plant_name": "Puget Sound Aggregates",
        "date": "2023-07-04",
        "volume_tons": 1585,
        "asp": 11.98,
        "delivery_fee": 8.18,
        "total_asp": 20.16,
        "product": "Mason Sand",
        "product_type": "concrete_agg",
        "geology": "Sand & Gravel",
        "dist_from_plant": 22.02
      }
    },
    {
      "type": "Feature",
      "geometry": {
        "type": "Point",
        "coordinates": [
          -121.8437,
          47.89416
        ]
      },
      "properties": {
        "order_id": "ORD-0237",
        "plant_id": "PLT-002",
        "plant_name": "Puget Sound Aggregates",
        "date": "2023-06-16",
        "volume_tons": 379,
        "asp": 11.98,
        "delivery_fee": 13.92,
        "total_asp": 25.9,
        "product": "#57 Gravel",
        "product_type": "base",
        "geology": "Sand & Gravel",
        "dist_from_plant": 38.75
      }
    },
    {
      "type": "Feature",
      "geometry": {
        "type": "Point",
        "coordinates": [
          -122.71042,
          47.73361
        ]
      },
      "properties": {
        "order_id": "ORD-0238",
        "plant_id": "PLT-002",
        "plant_name": "Puget Sound Aggregates",
        "date": "2021-09-06",
        "volume_tons": 9593,
        "asp": 11.68,
        "delivery_fee": 11.85,
        "total_asp": 23.53,
        "product": "#57 Gravel",
        "product_type": "base",
        "geology": "Sand & Gravel",
        "dist_from_plant": 31.15
      }
    },
    {
      "type": "Feature",
      "geometry": {
        "type": "Point",
        "coordinates": [
          -122.7862,
          47.60616
        ]
      },
      "properties": {
        "order_id": "ORD-0239",
        "plant_id": "PLT-002",
        "plant_name": "Puget Sound Aggregates",
        "date": "2021-05-25",
        "volume_tons": 8478,
        "asp": 12.49,
        "delivery_fee": 11.13,
        "total_asp": 23.62,
        "product": "Pea Gravel",
        "product_type": "concrete_agg",
        "geology": "Sand & Gravel",
        "dist_from_plant": 29.2
      }
    },
    {
      "type": "Feature",
      "geometry": {
        "type": "Point",
        "coordinates": [
          -121.83025,
          47.08344
        ]
      },
      "properties": {
        "order_id": "ORD-0240",
        "plant_id": "PLT-002",
        "plant_name": "Puget Sound Aggregates",
        "date": "2022-03-21",
        "volume_tons": 6399,
        "asp": 11.51,
        "delivery_fee": 12.67,
        "total_asp": 24.18,
        "product": "Pea Gravel",
        "product_type": "concrete_agg",
        "geology": "Sand & Gravel",
        "dist_from_plant": 31.72
      }
    },
    {
      "type": "Feature",
      "geometry": {
        "type": "Point",
        "coordinates": [
          -122.65361,
          47.26401
        ]
      },
      "properties": {
        "order_id": "ORD-0241",
        "plant_id": "PLT-002",
        "plant_name": "Puget Sound Aggregates",
        "date": "2021-06-10",
        "volume_tons": 462,
        "asp": 12.08,
        "delivery_fee": 8.96,
        "total_asp": 21.04,
        "product": "Mason Sand",
        "product_type": "concrete_agg",
        "geology": "Sand & Gravel",
        "dist_from_plant": 22.42
      }
    },
    {
      "type": "Feature",
      "geometry": {
        "type": "Point",
        "coordinates": [
          -122.5297,
          47.42437
        ]
      },
      "properties": {
        "order_id": "ORD-0242",
        "plant_id": "PLT-002",
        "plant_name": "Puget Sound Aggregates",
        "date": "2021-07-08",
        "volume_tons": 1001,
        "asp": 11.75,
        "delivery_fee": 5.42,
        "total_asp": 17.17,
        "product": "Pea Gravel",
        "product_type": "concrete_agg",
        "geology": "Sand & Gravel",
        "dist_from_plant": 13.44
      }
    },
    {
      "type": "Feature",
      "geometry": {
        "type": "Point",
        "coordinates": [
          -122.04073,
          47.88781
        ]
      },
      "properties": {
        "order_id": "ORD-0243",
        "plant_id": "PLT-002",
        "plant_name": "Puget Sound Aggregates",
        "date": "2024-01-02",
        "volume_tons": 1426,
        "asp": 11.88,
        "delivery_fee": 12.06,
        "total_asp": 23.94,
        "product": "#57 Gravel",
        "product_type": "base",
        "geology": "Sand & Gravel",
        "dist_from_plant": 34.04
      }
    },
    {
      "type": "Feature",
      "geometry": {
        "type": "Point",
        "coordinates": [
          -121.93766,
          47.47754
        ]
      },
      "properties": {
        "order_id": "ORD-0244",
        "plant_id": "PLT-002",
        "plant_name": "Puget Sound Aggregates",
        "date": "2023-11-02",
        "volume_tons": 402,
        "asp": 13.35,
        "delivery_fee": 5.9,
        "total_asp": 19.25,
        "product": "Mason Sand",
        "product_type": "concrete_agg",
        "geology": "Sand & Gravel",
        "dist_from_plant": 16.63
      }
    },
    {
      "type": "Feature",
      "geometry": {
        "type": "Point",
        "coordinates": [
          -122.34433,
          47.54967
        ]
      },
      "properties": {
        "order_id": "ORD-0245",
        "plant_id": "PLT-002",
        "plant_name": "Puget Sound Aggregates",
        "date": "2024-07-24",
        "volume_tons": 188,
        "asp": 12.03,
        "delivery_fee": 3.83,
        "total_asp": 15.86,
        "product": "#57 Gravel",
        "product_type": "base",
        "geology": "Sand & Gravel",
        "dist_from_plant": 9.81
      }
    },
    {
      "type": "Feature",
      "geometry": {
        "type": "Point",
        "coordinates": [
          -122.62093,
          47.03996
        ]
      },
      "properties": {
        "order_id": "ORD-0246",
        "plant_id": "PLT-002",
        "plant_name": "Puget Sound Aggregates",
        "date": "2022-11-11",
        "volume_tons": 212,
        "asp": 12.21,
        "delivery_fee": 11.53,
        "total_asp": 23.74,
        "product": "#57 Gravel",
        "product_type": "base",
        "geology": "Sand & Gravel",
        "dist_from_plant": 31.86
      }
    },
    {
      "type": "Feature",
      "geometry": {
        "type": "Point",
        "coordinates": [
          -121.94065,
          47.48395
        ]
      },
      "properties": {
        "order_id": "ORD-0247",
        "plant_id": "PLT-002",
        "plant_name": "Puget Sound Aggregates",
        "date": "2021-07-04",
        "volume_tons": 106,
        "asp": 10.58,
        "delivery_fee": 6.77,
        "total_asp": 17.35,
        "product": "#57 Gravel",
        "product_type": "base",
        "geology": "Sand & Gravel",
        "dist_from_plant": 16.6
      }
    },
    {
      "type": "Feature",
      "geometry": {
        "type": "Point",
        "coordinates": [
          -122.10501,
          47.751
        ]
      },
      "properties": {
        "order_id": "ORD-0248",
        "plant_id": "PLT-002",
        "plant_name": "Puget Sound Aggregates",
        "date": "2023-10-26",
        "volume_tons": 1087,
        "asp": 11.91,
        "delivery_fee": 8.54,
        "total_asp": 20.45,
        "product": "#57 Gravel",
        "product_type": "base",
        "geology": "Sand & Gravel",
        "dist_from_plant": 24.07
      }
    },
    {
      "type": "Feature",
      "geometry": {
        "type": "Point",
        "coordinates": [
          -123.03864,
          47.4722
        ]
      },
      "properties": {
        "order_id": "ORD-0249",
        "plant_id": "PLT-002",
        "plant_name": "Puget Sound Aggregates",
        "date": "2024-03-08",
        "volume_tons": 152,
        "asp": 12.71,
        "delivery_fee": 15.54,
        "total_asp": 28.25,
        "product": "Pea Gravel",
        "product_type": "concrete_agg",
        "geology": "Sand & Gravel",
        "dist_from_plant": 39.04
      }
    },
    {
      "type": "Feature",
      "geometry": {
        "type": "Point",
        "coordinates": [
          -121.61592,
          47.20356
        ]
      },
      "properties": {
        "order_id": "ORD-0250",
        "plant_id": "PLT-002",
        "plant_name": "Puget Sound Aggregates",
        "date": "2024-11-09",
        "volume_tons": 306,
        "asp": 12.62,
        "delivery_fee": 12.83,
        "total_asp": 25.45,
        "product": "Mason Sand",
        "product_type": "concrete_agg",
        "geology": "Sand & Gravel",
        "dist_from_plant": 35.57
      }
    },
    {
      "type": "Feature",
      "geometry": {
        "type": "Point",
        "coordinates": [
          -122.19637,
          47.47102
        ]
      },
      "properties": {
        "order_id": "ORD-0251",
        "plant_id": "PLT-002",
        "plant_name": "Puget Sound Aggregates",
        "date": "2024-02-22",
        "volume_tons": 1073,
        "asp": 12.72,
        "delivery_fee": 1.93,
        "total_asp": 14.65,
        "product": "Concrete Sand",
        "product_type": "concrete_agg",
        "geology": "Sand & Gravel",
        "dist_from_plant": 4.73
      }
    },
    {
      "type": "Feature",
      "geometry": {
        "type": "Point",
        "coordinates": [
          -122.02895,
          47.6572
        ]
      },
      "properties": {
        "order_id": "ORD-0252",
        "plant_id": "PLT-002",
        "plant_name": "Puget Sound Aggregates",
        "date": "2024-12-01",
        "volume_tons": 880,
        "asp": 12.75,
        "delivery_fee": 6.93,
        "total_asp": 19.68,
        "product": "Concrete Sand",
        "product_type": "concrete_agg",
        "geology": "Sand & Gravel",
        "dist_from_plant": 20.01
      }
    },
    {
      "type": "Feature",
      "geometry": {
        "type": "Point",
        "coordinates": [
          -122.20829,
          46.85069
        ]
      },
      "properties": {
        "order_id": "ORD-0253",
        "plant_id": "PLT-002",
        "plant_name": "Puget Sound Aggregates",
        "date": "2024-11-18",
        "volume_tons": 230,
        "asp": 12.92,
        "delivery_fee": 16.48,
        "total_asp": 29.4,
        "product": "#57 Gravel",
        "product_type": "base",
        "geology": "Sand & Gravel",
        "dist_from_plant": 39.44
      }
    },
    {
      "type": "Feature",
      "geometry": {
        "type": "Point",
        "coordinates": [
          -122.2954,
          47.38148
        ]
      },
      "properties": {
        "order_id": "ORD-0254",
        "plant_id": "PLT-002",
        "plant_name": "Puget Sound Aggregates",
        "date": "2020-09-17",
        "volume_tons": 300,
        "asp": 11.79,
        "delivery_fee": 1.15,
        "total_asp": 12.94,
        "product": "Concrete Sand",
        "product_type": "concrete_agg",
        "geology": "Sand & Gravel",
        "dist_from_plant": 3.22
      }
    },
    {
      "type": "Feature",
      "geometry": {
        "type": "Point",
        "coordinates": [
          -122.04799,
          46.98331
        ]
      },
      "properties": {
        "order_id": "ORD-0255",
        "plant_id": "PLT-002",
        "plant_name": "Puget Sound Aggregates",
        "date": "2023-09-03",
        "volume_tons": 4017,
        "asp": 11.23,
        "delivery_fee": 12.8,
        "total_asp": 24.03,
        "product": "#57 Gravel",
        "product_type": "base",
        "geology": "Sand & Gravel",
        "dist_from_plant": 32.02
      }
    },
    {
      "type": "Feature",
      "geometry": {
        "type": "Point",
        "coordinates": [
          -122.02302,
          47.26098
        ]
      },
      "properties": {
        "order_id": "ORD-0256",
        "plant_id": "PLT-002",
        "plant_name": "Puget Sound Aggregates",
        "date": "2023-06-21",
        "volume_tons": 161,
        "asp": 10.74,
        "delivery_fee": 5.58,
        "total_asp": 16.32,
        "product": "#57 Gravel",
        "product_type": "base",
        "geology": "Sand & Gravel",
        "dist_from_plant": 16.23
      }
    },
    {
      "type": "Feature",
      "geometry": {
        "type": "Point",
        "coordinates": [
          -122.326,
          47.78237
        ]
      },
      "properties": {
        "order_id": "ORD-0257",
        "plant_id": "PLT-002",
        "plant_name": "Puget Sound Aggregates",
        "date": "2021-06-30",
        "volume_tons": 151,
        "asp": 11.81,
        "delivery_fee": 9.62,
        "total_asp": 21.43,
        "product": "Pea Gravel",
        "product_type": "concrete_agg",
        "geology": "Sand & Gravel",
        "dist_from_plant": 25.15
      }
    },
    {
      "type": "Feature",
      "geometry": {
        "type": "Point",
        "coordinates": [
          -121.49866,
          47.29491
        ]
      },
      "properties": {
        "order_id": "ORD-0258",
        "plant_id": "PLT-002",
        "plant_name": "Puget Sound Aggregates",
        "date": "2024-02-11",
        "volume_tons": 955,
        "asp": 13.88,
        "delivery_fee": 16.01,
        "total_asp": 29.89,
        "product": "Mason Sand",
        "product_type": "concrete_agg",
        "geology": "Sand & Gravel",
        "dist_from_plant": 39.1
      }
    },
    {
      "type": "Feature",
      "geometry": {
        "type": "Point",
        "coordinates": [
          -122.80282,
          47.67633
        ]
      },
      "properties": {
        "order_id": "ORD-0259",
        "plant_id": "PLT-002",
        "plant_name": "Puget Sound Aggregates",
        "date": "2021-08-14",
        "volume_tons": 3680,
        "asp": 12.83,
        "delivery_fee": 11.4,
        "total_asp": 24.23,
        "product": "Mason Sand",
        "product_type": "concrete_agg",
        "geology": "Sand & Gravel",
        "dist_from_plant": 32.32
      }
    },
    {
      "type": "Feature",
      "geometry": {
        "type": "Point",
        "coordinates": [
          -122.89759,
          47.36336
        ]
      },
      "properties": {
        "order_id": "ORD-0260",
        "plant_id": "PLT-002",
        "plant_name": "Puget Sound Aggregates",
        "date": "2021-04-17",
        "volume_tons": 1850,
        "asp": 11.48,
        "delivery_fee": 12.19,
        "total_asp": 23.67,
        "product": "#57 Gravel",
        "product_type": "base",
        "geology": "Sand & Gravel",
        "dist_from_plant": 32.08
      }
    },
    {
      "type": "Feature",
      "geometry": {
        "type": "Point",
        "coordinates": [
          -122.80481,
          47.29378
        ]
      },
      "properties": {
        "order_id": "ORD-0261",
        "plant_id": "PLT-002",
        "plant_name": "Puget Sound Aggregates",
        "date": "2023-07-08",
        "volume_tons": 1816,
        "asp": 13.53,
        "delivery_fee": 10.5,
        "total_asp": 24.03,
        "product": "Mason Sand",
        "product_type": "concrete_agg",
        "geology": "Sand & Gravel",
        "dist_from_plant": 28.57
      }
    },
    {
      "type": "Feature",
      "geometry": {
        "type": "Point",
        "coordinates": [
          -122.8375,
          47.33926
        ]
      },
      "properties": {
        "order_id": "ORD-0262",
        "plant_id": "PLT-002",
        "plant_name": "Puget Sound Aggregates",
        "date": "2023-04-01",
        "volume_tons": 181,
        "asp": 13.08,
        "delivery_fee": 10.67,
        "total_asp": 23.75,
        "product": "Mason Sand",
        "product_type": "concrete_agg",
        "geology": "Sand & Gravel",
        "dist_from_plant": 29.37
      }
    },
    {
      "type": "Feature",
      "geometry": {
        "type": "Point",
        "coordinates": [
          -122.29752,
          47.40144
        ]
      },
      "properties": {
        "order_id": "ORD-0263",
        "plant_id": "PLT-002",
        "plant_name": "Puget Sound Aggregates",
        "date": "2022-03-20",
        "volume_tons": 156,
        "asp": 12.54,
        "delivery_fee": 0.95,
        "total_asp": 13.49,
        "product": "Mason Sand",
        "product_type": "concrete_agg",
        "geology": "Sand & Gravel",
        "dist_from_plant": 2.27
      }
    },
    {
      "type": "Feature",
      "geometry": {
        "type": "Point",
        "coordinates": [
          -122.04016,
          47.90055
        ]
      },
      "properties": {
        "order_id": "ORD-0264",
        "plant_id": "PLT-002",
        "plant_name": "Puget Sound Aggregates",
        "date": "2023-05-11",
        "volume_tons": 7154,
        "asp": 12.67,
        "delivery_fee": 13.24,
        "total_asp": 25.91,
        "product": "Pea Gravel",
        "product_type": "concrete_agg",
        "geology": "Sand & Gravel",
        "dist_from_plant": 34.88
      }
    },
    {
      "type": "Feature",
      "geometry": {
        "type": "Point",
        "coordinates": [
          -121.58648,
          47.44657
        ]
      },
      "properties": {
        "order_id": "ORD-0265",
        "plant_id": "PLT-002",
        "plant_name": "Puget Sound Aggregates",
        "date": "2024-04-19",
        "volume_tons": 752,
        "asp": 14.07,
        "delivery_fee": 12.0,
        "total_asp": 26.07,
        "product": "Pea Gravel",
        "product_type": "concrete_agg",
        "geology": "Sand & Gravel",
        "dist_from_plant": 33.77
      }
    },
    {
      "type": "Feature",
      "geometry": {
        "type": "Point",
        "coordinates": [
          -122.0941,
          47.39812
        ]
      },
      "properties": {
        "order_id": "ORD-0266",
        "plant_id": "PLT-002",
        "plant_name": "Puget Sound Aggregates",
        "date": "2023-07-29",
        "volume_tons": 284,
        "asp": 10.7,
        "delivery_fee": 3.48,
        "total_asp": 14.18,
        "product": "#57 Gravel",
        "product_type": "base",
        "geology": "Sand & Gravel",
        "dist_from_plant": 8.49
      }
    },
    {
      "type": "Feature",
      "geometry": {
        "type": "Point",
        "coordinates": [
          -122.04962,
          46.89703
        ]
      },
      "properties": {
        "order_id": "ORD-0267",
        "plant_id": "PLT-002",
        "plant_name": "Puget Sound Aggregates",
        "date": "2020-05-01",
        "volume_tons": 1153,
        "asp": 12.09,
        "delivery_fee": 13.38,
        "total_asp": 25.47,
        "product": "Mason Sand",
        "product_type": "concrete_agg",
        "geology": "Sand & Gravel",
        "dist_from_plant": 37.67
      }
    },
    {
      "type": "Feature",
      "geometry": {
        "type": "Point",
        "coordinates": [
          -121.82707,
          47.78752
        ]
      },
      "properties": {
        "order_id": "ORD-0268",
        "plant_id": "PLT-002",
        "plant_name": "Puget Sound Aggregates",
        "date": "2022-03-13",
        "volume_tons": 7660,
        "asp": 11.52,
        "delivery_fee": 13.59,
        "total_asp": 25.11,
        "product": "Pea Gravel",
        "product_type": "concrete_agg",
        "geology": "Sand & Gravel",
        "dist_from_plant": 33.32
      }
    },
    {
      "type": "Feature",
      "geometry": {
        "type": "Point",
        "coordinates": [
          -122.24186,
          47.88955
        ]
      },
      "properties": {
        "order_id": "ORD-0269",
        "plant_id": "PLT-002",
        "plant_name": "Puget Sound Aggregates",
        "date": "2024-02-26",
        "volume_tons": 1412,
        "asp": 13.85,
        "delivery_fee": 11.81,
        "total_asp": 25.66,
        "product": "Pea Gravel",
        "product_type": "concrete_agg",
        "geology": "Sand & Gravel",
        "dist_from_plant": 32.34
      }
    },
    {
      "type": "Feature",
      "geometry": {
        "type": "Point",
        "coordinates": [
          -121.71434,
          47.68699
        ]
      },
      "properties": {
        "order_id": "ORD-0270",
        "plant_id": "PLT-002",
        "plant_name": "Puget Sound Aggregates",
        "date": "2021-08-22",
        "volume_tons": 336,
        "asp": 12.42,
        "delivery_fee": 11.85,
        "total_asp": 24.27,
        "product": "Pea Gravel",
        "product_type": "concrete_agg",
        "geology": "Sand & Gravel",
        "dist_from_plant": 32.92
      }
    },
    {
      "type": "Feature",
      "geometry": {
        "type": "Point",
        "coordinates": [
          -121.97824,
          47.63367
        ]
      },
      "properties": {
        "order_id": "ORD-0271",
        "plant_id": "PLT-002",
        "plant_name": "Puget Sound Aggregates",
        "date": "2023-05-27",
        "volume_tons": 1707,
        "asp": 12.53,
        "delivery_fee": 7.11,
        "total_asp": 19.64,
        "product": "Mason Sand",
        "product_type": "concrete_agg",
        "geology": "Sand & Gravel",
        "dist_from_plant": 20.38
      }
    },
    {
      "type": "Feature",
      "geometry": {
        "type": "Point",
        "coordinates": [
          -121.89229,
          47.28216
        ]
      },
      "properties": {
        "order_id": "ORD-0272",
        "plant_id": "PLT-002",
        "plant_name": "Puget Sound Aggregates",
        "date": "2022-08-19",
        "volume_tons": 1499,
        "asp": 13.36,
        "delivery_fee": 7.67,
        "total_asp": 21.03,
        "product": "Concrete Sand",
        "product_type": "concrete_agg",
        "geology": "Sand & Gravel",
        "dist_from_plant": 20.78
      }
    },
    {
      "type": "Feature",
      "geometry": {
        "type": "Point",
        "coordinates": [
          -122.64703,
          47.18275
        ]
      },
      "properties": {
        "order_id": "ORD-0273",
        "plant_id": "PLT-002",
        "plant_name": "Puget Sound Aggregates",
        "date": "2022-09-13",
        "volume_tons": 1678,
        "asp": 11.83,
        "delivery_fee": 9.51,
        "total_asp": 21.34,
        "product": "Concrete Sand",
        "product_type": "concrete_agg",
        "geology": "Sand & Gravel",
        "dist_from_plant": 25.35
      }
    },
    {
      "type": "Feature",
      "geometry": {
        "type": "Point",
        "coordinates": [
          -121.67451,
          47.81251
        ]
      },
      "properties": {
        "order_id": "ORD-0274",
        "plant_id": "PLT-002",
        "plant_name": "Puget Sound Aggregates",
        "date": "2023-03-30",
        "volume_tons": 1120,
        "asp": 11.91,
        "delivery_fee": 14.19,
        "total_asp": 26.1,
        "product": "#57 Gravel",
        "product_type": "base",
        "geology": "Sand & Gravel",
        "dist_from_plant": 39.87
      }
    },
    {
      "type": "Feature",
      "geometry": {
        "type": "Point",
        "coordinates": [
          -122.91866,
          47.61046
        ]
      },
      "properties": {
        "order_id": "ORD-0275",
        "plant_id": "PLT-002",
        "plant_name": "Puget Sound Aggregates",
        "date": "2023-10-31",
        "volume_tons": 108,
        "asp": 13.64,
        "delivery_fee": 12.83,
        "total_asp": 26.47,
        "product": "Mason Sand",
        "product_type": "concrete_agg",
        "geology": "Sand & Gravel",
        "dist_from_plant": 35.39
      }
    },
    {
      "type": "Feature",
      "geometry": {
        "type": "Point",
        "coordinates": [
          -121.92346,
          47.87649
        ]
      },
      "properties": {
        "order_id": "ORD-0276",
        "plant_id": "PLT-002",
        "plant_name": "Puget Sound Aggregates",
        "date": "2023-04-27",
        "volume_tons": 4888,
        "asp": 13.08,
        "delivery_fee": 14.77,
        "total_asp": 27.85,
        "product": "Pea Gravel",
        "product_type": "concrete_agg",
        "geology": "Sand & Gravel",
        "dist_from_plant": 35.67
      }
    },
    {
      "type": "Feature",
      "geometry": {
        "type": "Point",
        "coordinates": [
          -121.77055,
          47.59203
        ]
      },
      "properties": {
        "order_id": "ORD-0277",
        "plant_id": "PLT-002",
        "plant_name": "Puget Sound Aggregates",
        "date": "2023-09-14",
        "volume_tons": 1080,
        "asp": 13.12,
        "delivery_fee": 9.99,
        "total_asp": 23.11,
        "product": "Mason Sand",
        "product_type": "concrete_agg",
        "geology": "Sand & Gravel",
        "dist_from_plant": 27.21
      }
    },
    {
      "type": "Feature",
      "geometry": {
        "type": "Point",
        "coordinates": [
          -122.54864,
          47.07603
        ]
      },
      "properties": {
        "order_id": "ORD-0278",
        "plant_id": "PLT-002",
        "plant_name": "Puget Sound Aggregates",
        "date": "2021-04-23",
        "volume_tons": 703,
        "asp": 12.41,
        "delivery_fee": 10.38,
        "total_asp": 22.79,
        "product": "Mason Sand",
        "product_type": "concrete_agg",
        "geology": "Sand & Gravel",
        "dist_from_plant": 27.81
      }
    },
    {
      "type": "Feature",
      "geometry": {
        "type": "Point",
        "coordinates": [
          -121.92465,
          47.8794
        ]
      },
      "properties": {
        "order_id": "ORD-0279",
        "plant_id": "PLT-002",
        "plant_name": "Puget Sound Aggregates",
        "date": "2024-02-02",
        "volume_tons": 839,
        "asp": 13.26,
        "delivery_fee": 13.11,
        "total_asp": 26.37,
        "product": "Concrete Sand",
        "product_type": "concrete_agg",
        "geology": "Sand & Gravel",
        "dist_from_plant": 35.82
      }
    },
    {
      "type": "Feature",
      "geometry": {
        "type": "Point",
        "coordinates": [
          -121.62311,
          47.27048
        ]
      },
      "properties": {
        "order_id": "ORD-0280",
        "plant_id": "PLT-002",
        "plant_name": "Puget Sound Aggregates",
        "date": "2023-05-12",
        "volume_tons": 171,
        "asp": 12.22,
        "delivery_fee": 13.65,
        "total_asp": 25.87,
        "product": "Concrete Sand",
        "product_type": "concrete_agg",
        "geology": "Sand & Gravel",
        "dist_from_plant": 33.54
      }
    },
    {
      "type": "Feature",
      "geometry": {
        "type": "Point",
        "coordinates": [
          -122.73762,
          47.56645
        ]
      },
      "properties": {
        "order_id": "ORD-0281",
        "plant_id": "PLT-002",
        "plant_name": "Puget Sound Aggregates",
        "date": "2021-05-15",
        "volume_tons": 814,
        "asp": 11.61,
        "delivery_fee": 10.05,
        "total_asp": 21.66,
        "product": "Pea Gravel",
        "product_type": "concrete_agg",
        "geology": "Sand & Gravel",
        "dist_from_plant": 25.86
      }
    },
    {
      "type": "Feature",
      "geometry": {
        "type": "Point",
        "coordinates": [
          -122.33979,
          47.97302
        ]
      },
      "properties": {
        "order_id": "ORD-0282",
        "plant_id": "PLT-002",
        "plant_name": "Puget Sound Aggregates",
        "date": "2024-05-19",
        "volume_tons": 403,
        "asp": 13.52,
        "delivery_fee": 14.42,
        "total_asp": 27.94,
        "product": "Concrete Sand",
        "product_type": "concrete_agg",
        "geology": "Sand & Gravel",
        "dist_from_plant": 38.29
      }
    },
    {
      "type": "Feature",
      "geometry": {
        "type": "Point",
        "coordinates": [
          -121.77907,
          47.0015
        ]
      },
      "properties": {
        "order_id": "ORD-0283",
        "plant_id": "PLT-002",
        "plant_name": "Puget Sound Aggregates",
        "date": "2021-07-31",
        "volume_tons": 180,
        "asp": 11.85,
        "delivery_fee": 14.38,
        "total_asp": 26.23,
        "product": "Pea Gravel",
        "product_type": "concrete_agg",
        "geology": "Sand & Gravel",
        "dist_from_plant": 37.66
      }
    },
    {
      "type": "Feature",
      "geometry": {
        "type": "Point",
        "coordinates": [
          -122.20066,
          47.20997
        ]
      },
      "properties": {
        "order_id": "ORD-0284",
        "plant_id": "PLT-002",
        "plant_name": "Puget Sound Aggregates",
        "date": "2023-07-16",
        "volume_tons": 158,
        "asp": 13.6,
        "delivery_fee": 5.45,
        "total_asp": 19.05,
        "product": "Concrete Sand",
        "product_type": "concrete_agg",
        "geology": "Sand & Gravel",
        "dist_from_plant": 14.87
      }
    },
    {
      "type": "Feature",
      "geometry": {
        "type": "Point",
        "coordinates": [
          -121.80778,
          46.96057
        ]
      },
      "properties": {
        "order_id": "ORD-0285",
        "plant_id": "PLT-002",
        "plant_name": "Puget Sound Aggregates",
        "date": "2021-03-26",
        "volume_tons": 284,
        "asp": 11.4,
        "delivery_fee": 14.34,
        "total_asp": 25.74,
        "product": "Concrete Sand",
        "product_type": "concrete_agg",
        "geology": "Sand & Gravel",
        "dist_from_plant": 39.02
      }
    },
    {
      "type": "Feature",
      "geometry": {
        "type": "Point",
        "coordinates": [
          -122.85514,
          47.08548
        ]
      },
      "properties": {
        "order_id": "ORD-0286",
        "plant_id": "PLT-002",
        "plant_name": "Puget Sound Aggregates",
        "date": "2022-05-16",
        "volume_tons": 9756,
        "asp": 11.48,
        "delivery_fee": 14.3,
        "total_asp": 25.78,
        "product": "Mason Sand",
        "product_type": "concrete_agg",
        "geology": "Sand & Gravel",
        "dist_from_plant": 37.66
      }
    },
    {
      "type": "Feature",
      "geometry": {
        "type": "Point",
        "coordinates": [
          -122.95674,
          47.56973
        ]
      },
      "properties": {
        "order_id": "ORD-0287",
        "plant_id": "PLT-002",
        "plant_name": "Puget Sound Aggregates",
        "date": "2024-10-17",
        "volume_tons": 6199,
        "asp": 12.56,
        "delivery_fee": 12.86,
        "total_asp": 25.42,
        "product": "Pea Gravel",
        "product_type": "concrete_agg",
        "geology": "Sand & Gravel",
        "dist_from_plant": 36.27
      }
    },
    {
      "type": "Feature",
      "geometry": {
        "type": "Point",
        "coordinates": [
          -121.91304,
          47.45416
        ]
      },
      "properties": {
        "order_id": "ORD-0288",
        "plant_id": "PLT-002",
        "plant_name": "Puget Sound Aggregates",
        "date": "2022-11-05",
        "volume_tons": 9128,
        "asp": 11.1,
        "delivery_fee": 6.54,
        "total_asp": 17.64,
        "product": "#57 Gravel",
        "product_type": "base",
        "geology": "Sand & Gravel",
        "dist_from_plant": 17.55
      }
    },
    {
      "type": "Feature",
      "geometry": {
        "type": "Point",
        "coordinates": [
          -122.27876,
          47.02455
        ]
      },
      "properties": {
        "order_id": "ORD-0289",
        "plant_id": "PLT-002",
        "plant_name": "Puget Sound Aggregates",
        "date": "2021-12-17",
        "volume_tons": 158,
        "asp": 13.04,
        "delivery_fee": 10.86,
        "total_asp": 23.9,
        "product": "Pea Gravel",
        "product_type": "concrete_agg",
        "geology": "Sand & Gravel",
        "dist_from_plant": 27.37
      }
    },
    {
      "type": "Feature",
      "geometry": {
        "type": "Point",
        "coordinates": [
          -122.19526,
          47.75556
        ]
      },
      "properties": {
        "order_id": "ORD-0290",
        "plant_id": "PLT-002",
        "plant_name": "Puget Sound Aggregates",
        "date": "2022-03-07",
        "volume_tons": 243,
        "asp": 12.35,
        "delivery_fee": 8.41,
        "total_asp": 20.76,
        "product": "Mason Sand",
        "product_type": "concrete_agg",
        "geology": "Sand & Gravel",
        "dist_from_plant": 23.32
      }
    },
    {
      "type": "Feature",
      "geometry": {
        "type": "Point",
        "coordinates": [
          -121.96347,
          47.37221
        ]
      },
      "properties": {
        "order_id": "ORD-0291",
        "plant_id": "PLT-002",
        "plant_name": "Puget Sound Aggregates",
        "date": "2023-07-06",
        "volume_tons": 3092,
        "asp": 13.02,
        "delivery_fee": 5.9,
        "total_asp": 18.92,
        "product": "Mason Sand",
        "product_type": "concrete_agg",
        "geology": "Sand & Gravel",
        "dist_from_plant": 15.25
      }
    },
    {
      "type": "Feature",
      "geometry": {
        "type": "Point",
        "coordinates": [
          -122.21634,
          47.61883
        ]
      },
      "properties": {
        "order_id": "ORD-0292",
        "plant_id": "PLT-002",
        "plant_name": "Puget Sound Aggregates",
        "date": "2021-08-09",
        "volume_tons": 255,
        "asp": 11.53,
        "delivery_fee": 5.27,
        "total_asp": 16.8,
        "product": "Pea Gravel",
        "product_type": "concrete_agg",
        "geology": "Sand & Gravel",
        "dist_from_plant": 13.83
      }
    },
    {
      "type": "Feature",
      "geometry": {
        "type": "Point",
        "coordinates": [
          -122.54879,
          47.66155
        ]
      },
      "properties": {
        "order_id": "ORD-0293",
        "plant_id": "PLT-002",
        "plant_name": "Puget Sound Aggregates",
        "date": "2024-11-22",
        "volume_tons": 462,
        "asp": 12.14,
        "delivery_fee": 8.88,
        "total_asp": 21.02,
        "product": "#57 Gravel",
        "product_type": "base",
        "geology": "Sand & Gravel",
        "dist_from_plant": 21.97
      }
    },
    {
      "type": "Feature",
      "geometry": {
        "type": "Point",
        "coordinates": [
          -121.51644,
          47.21508
        ]
      },
      "properties": {
        "order_id": "ORD-0294",
        "plant_id": "PLT-002",
        "plant_name": "Puget Sound Aggregates",
        "date": "2023-07-27",
        "volume_tons": 442,
        "asp": 12.35,
        "delivery_fee": 15.25,
        "total_asp": 27.6,
        "product": "#57 Gravel",
        "product_type": "base",
        "geology": "Sand & Gravel",
        "dist_from_plant": 39.85
      }
    },
    {
      "type": "Feature",
      "geometry": {
        "type": "Point",
        "coordinates": [
          -121.93372,
          47.55532
        ]
      },
      "properties": {
        "order_id": "ORD-0295",
        "plant_id": "PLT-002",
        "plant_name": "Puget Sound Aggregates",
        "date": "2022-03-03",
        "volume_tons": 5394,
        "asp": 11.53,
        "delivery_fee": 6.55,
        "total_asp": 18.08,
        "product": "Mason Sand",
        "product_type": "concrete_agg",
        "geology": "Sand & Gravel",
        "dist_from_plant": 18.81
      }
    },
    {
      "type": "Feature",
      "geometry": {
        "type": "Point",
        "coordinates": [
          -121.8233,
          47.25088
        ]
      },
      "properties": {
        "order_id": "ORD-0296",
        "plant_id": "PLT-002",
        "plant_name": "Puget Sound Aggregates",
        "date": "2023-12-12",
        "volume_tons": 3237,
        "asp": 13.87,
        "delivery_fee": 10.05,
        "total_asp": 23.92,
        "product": "Mason Sand",
        "product_type": "concrete_agg",
        "geology": "Sand & Gravel",
        "dist_from_plant": 24.83
      }
    },
    {
      "type": "Feature",
      "geometry": {
        "type": "Point",
        "coordinates": [
          -121.46532,
          47.45574
        ]
      },
      "properties": {
        "order_id": "ORD-0297",
        "plant_id": "PLT-002",
        "plant_name": "Puget Sound Aggregates",
        "date": "2024-03-27",
        "volume_tons": 1091,
        "asp": 12.43,
        "delivery_fee": 14.41,
        "total_asp": 26.84,
        "product": "#57 Gravel",
        "product_type": "base",
        "geology": "Sand & Gravel",
        "dist_from_plant": 39.86
      }
    },
    {
      "type": "Feature",
      "geometry": {
        "type": "Point",
        "coordinates": [
          -122.49453,
          47.13367
        ]
      },
      "properties": {
        "order_id": "ORD-0298",
        "plant_id": "PLT-002",
        "plant_name": "Puget Sound Aggregates",
        "date": "2024-04-30",
        "volume_tons": 9395,
        "asp": 13.82,
        "delivery_fee": 9.23,
        "total_asp": 23.05,
        "product": "Pea Gravel",
        "product_type": "concrete_agg",
        "geology": "Sand & Gravel",
        "dist_from_plant": 23.01
      }
    },
    {
      "type": "Feature",
      "geometry": {
        "type": "Point",
        "coordinates": [
          -122.59794,
          47.92312
        ]
      },
      "properties": {
        "order_id": "ORD-0299",
        "plant_id": "PLT-002",
        "plant_name": "Puget Sound Aggregates",
        "date": "2020-11-21",
        "volume_tons": 435,
        "asp": 11.64,
        "delivery_fee": 16.03,
        "total_asp": 27.67,
        "product": "Pea Gravel",
        "product_type": "concrete_agg",
        "geology": "Sand & Gravel",
        "dist_from_plant": 38.53
      }
    },
    {
      "type": "Feature",
      "geometry": {
        "type": "Point",
        "coordinates": [
          -121.77836,
          47.34523
        ]
      },
      "properties": {
        "order_id": "ORD-0300",
        "plant_id": "PLT-002",
        "plant_name": "Puget Sound Aggregates",
        "date": "2021-09-12",
        "volume_tons": 710,
        "asp": 11.58,
        "delivery_fee": 8.99,
        "total_asp": 20.57,
        "product": "#57 Gravel",
        "product_type": "base",
        "geology": "Sand & Gravel",
        "dist_from_plant": 24.69
      }
    },
    {
      "type": "Feature",
      "geometry": {
        "type": "Point",
        "coordinates": [
          -122.44041,
          47.83563
        ]
      },
      "properties": {
        "order_id": "ORD-0301",
        "plant_id": "PLT-002",
        "plant_name": "Puget Sound Aggregates",
        "date": "2022-11-05",
        "volume_tons": 1394,
        "asp": 11.84,
        "delivery_fee": 12.38,
        "total_asp": 24.22,
        "product": "Concrete Sand",
        "product_type": "concrete_agg",
        "geology": "Sand & Gravel",
        "dist_from_plant": 29.98
      }
    },
    {
      "type": "Feature",
      "geometry": {
        "type": "Point",
        "coordinates": [
          -122.22682,
          47.16906
        ]
      },
      "properties": {
        "order_id": "ORD-0302",
        "plant_id": "PLT-002",
        "plant_name": "Puget Sound Aggregates",
        "date": "2024-10-17",
        "volume_tons": 380,
        "asp": 12.77,
        "delivery_fee": 7.14,
        "total_asp": 19.91,
        "product": "Pea Gravel",
        "product_type": "concrete_agg",
        "geology": "Sand & Gravel",
        "dist_from_plant": 17.47
      }
    },
    {
      "type": "Feature",
      "geometry": {
        "type": "Point",
        "coordinates": [
          -121.78645,
          46.97354
        ]
      },
      "properties": {
        "order_id": "ORD-0303",
        "plant_id": "PLT-002",
        "plant_name": "Puget Sound Aggregates",
        "date": "2020-07-13",
        "volume_tons": 1265,
        "asp": 10.33,
        "delivery_fee": 16.12,
        "total_asp": 26.45,
        "product": "#57 Gravel",
        "product_type": "base",
        "geology": "Sand & Gravel",
        "dist_from_plant": 38.94
      }
    },
    {
      "type": "Feature",
      "geometry": {
        "type": "Point",
        "coordinates": [
          -122.86091,
          47.67522
        ]
      },
      "properties": {
        "order_id": "ORD-0304",
        "plant_id": "PLT-002",
        "plant_name": "Puget Sound Aggregates",
        "date": "2023-12-16",
        "volume_tons": 4768,
        "asp": 13.91,
        "delivery_fee": 13.07,
        "total_asp": 26.98,
        "product": "Mason Sand",
        "product_type": "concrete_agg",
        "geology": "Sand & Gravel",
        "dist_from_plant": 34.75
      }
    },
    {
      "type": "Feature",
      "geometry": {
        "type": "Point",
        "coordinates": [
          -122.36024,
          47.20541
        ]
      },
      "properties": {
        "order_id": "ORD-0305",
        "plant_id": "PLT-002",
        "plant_name": "Puget Sound Aggregates",
        "date": "2021-10-06",
        "volume_tons": 870,
        "asp": 13.13,
        "delivery_fee": 5.7,
        "total_asp": 18.83,
        "product": "Mason Sand",
        "product_type": "concrete_agg",
        "geology": "Sand & Gravel",
        "dist_from_plant": 15.68
      }
    },
    {
      "type": "Feature",
      "geometry": {
        "type": "Point",
        "coordinates": [
          -121.77055,
          47.69752
        ]
      },
      "properties": {
        "order_id": "ORD-0306",
        "plant_id": "PLT-002",
        "plant_name": "Puget Sound Aggregates",
        "date": "2021-06-08",
        "volume_tons": 6649,
        "asp": 11.95,
        "delivery_fee": 12.16,
        "total_asp": 24.11,
        "product": "Concrete Sand",
        "product_type": "concrete_agg",
        "geology": "Sand & Gravel",
        "dist_from_plant": 31.07
      }
    },
    {
      "type": "Feature",
      "geometry": {
        "type": "Point",
        "coordinates": [
          -122.67729,
          47.2743
        ]
      },
      "properties": {
        "order_id": "ORD-0307",
        "plant_id": "PLT-002",
        "plant_name": "Puget Sound Aggregates",
        "date": "2022-07-23",
        "volume_tons": 9853,
        "asp": 11.47,
        "delivery_fee": 9.01,
        "total_asp": 20.48,
        "product": "Concrete Sand",
        "product_type": "concrete_agg",
        "geology": "Sand & Gravel",
        "dist_from_plant": 23.15
      }
    },
    {
      "type": "Feature",
      "geometry": {
        "type": "Point",
        "coordinates": [
          -122.3266,
          47.52594
        ]
      },
      "properties": {
        "order_id": "ORD-0308",
        "plant_id": "PLT-002",
        "plant_name": "Puget Sound Aggregates",
        "date": "2023-10-16",
        "volume_tons": 3701,
        "asp": 12.02,
        "delivery_fee": 2.8,
        "total_asp": 14.82,
        "product": "Pea Gravel",
        "product_type": "concrete_agg",
        "geology": "Sand & Gravel",
        "dist_from_plant": 7.95
      }
    },
    {
      "type": "Feature",
      "geometry": {
        "type": "Point",
        "coordinates": [
          -122.89485,
          47.37863
        ]
      },
      "properties": {
        "order_id": "ORD-0309",
        "plant_id": "PLT-002",
        "plant_name": "Puget Sound Aggregates",
        "date": "2022-03-23",
        "volume_tons": 303,
        "asp": 13.18,
        "delivery_fee": 11.93,
        "total_asp": 25.11,
        "product": "Concrete Sand",
        "product_type": "concrete_agg",
        "geology": "Sand & Gravel",
        "dist_from_plant": 31.83
      }
    },
    {
      "type": "Feature",
      "geometry": {
        "type": "Point",
        "coordinates": [
          -122.20044,
          47.93258
        ]
      },
      "properties": {
        "order_id": "ORD-0310",
        "plant_id": "PLT-002",
        "plant_name": "Puget Sound Aggregates",
        "date": "2022-03-14",
        "volume_tons": 679,
        "asp": 11.61,
        "delivery_fee": 13.74,
        "total_asp": 25.35,
        "product": "Pea Gravel",
        "product_type": "concrete_agg",
        "geology": "Sand & Gravel",
        "dist_from_plant": 35.43
      }
    },
    {
      "type": "Feature",
      "geometry": {
        "type": "Point",
        "coordinates": [
          -122.28403,
          47.05402
        ]
      },
      "properties": {
        "order_id": "ORD-0311",
        "plant_id": "PLT-002",
        "plant_name": "Puget Sound Aggregates",
        "date": "2024-09-17",
        "volume_tons": 470,
        "asp": 13.69,
        "delivery_fee": 9.88,
        "total_asp": 23.57,
        "product": "Mason Sand",
        "product_type": "concrete_agg",
        "geology": "Sand & Gravel",
        "dist_from_plant": 25.35
      }
    },
    {
      "type": "Feature",
      "geometry": {
        "type": "Point",
        "coordinates": [
          -121.71569,
          47.16083
        ]
      },
      "properties": {
        "order_id": "ORD-0312",
        "plant_id": "PLT-002",
        "plant_name": "Puget Sound Aggregates",
        "date": "2024-03-01",
        "volume_tons": 494,
        "asp": 11.59,
        "delivery_fee": 13.33,
        "total_asp": 24.92,
        "product": "#57 Gravel",
        "product_type": "base",
        "geology": "Sand & Gravel",
        "dist_from_plant": 32.64
      }
    },
    {
      "type": "Feature",
      "geometry": {
        "type": "Point",
        "coordinates": [
          -121.4837,
          47.49321
        ]
      },
      "properties": {
        "order_id": "ORD-0313",
        "plant_id": "PLT-002",
        "plant_name": "Puget Sound Aggregates",
        "date": "2024-12-23",
        "volume_tons": 8643,
        "asp": 12.75,
        "delivery_fee": 16.17,
        "total_asp": 28.92,
        "product": "Concrete Sand",
        "product_type": "concrete_agg",
        "geology": "Sand & Gravel",
        "dist_from_plant": 39.18
      }
    },
    {
      "type": "Feature",
      "geometry": {
        "type": "Point",
        "coordinates": [
          -122.16843,
          47.92646
        ]
      },
      "properties": {
        "order_id": "ORD-0314",
        "plant_id": "PLT-002",
        "plant_name": "Puget Sound Aggregates",
        "date": "2021-03-30",
        "volume_tons": 1016,
        "asp": 12.49,
        "delivery_fee": 12.6,
        "total_asp": 25.09,
        "product": "Pea Gravel",
        "product_type": "concrete_agg",
        "geology": "Sand & Gravel",
        "dist_from_plant": 35.18
      }
    },
    {
      "type": "Feature",
      "geometry": {
        "type": "Point",
        "coordinates": [
          -122.29181,
          47.26321
        ]
      },
      "properties": {
        "order_id": "ORD-0315",
        "plant_id": "PLT-002",
        "plant_name": "Puget Sound Aggregates",
        "date": "2022-11-03",
        "volume_tons": 330,
        "asp": 12.73,
        "delivery_fee": 4.21,
        "total_asp": 16.94,
        "product": "Concrete Sand",
        "product_type": "concrete_agg",
        "geology": "Sand & Gravel",
        "dist_from_plant": 11.0
      }
    },
    {
      "type": "Feature",
      "geometry": {
        "type": "Point",
        "coordinates": [
          -122.1959,
          47.21996
        ]
      },
      "properties": {
        "order_id": "ORD-0316",
        "plant_id": "PLT-002",
        "plant_name": "Puget Sound Aggregates",
        "date": "2022-12-26",
        "volume_tons": 7444,
        "asp": 12.15,
        "delivery_fee": 5.57,
        "total_asp": 17.72,
        "product": "#57 Gravel",
        "product_type": "base",
        "geology": "Sand & Gravel",
        "dist_from_plant": 14.25
      }
    },
    {
      "type": "Feature",
      "geometry": {
        "type": "Point",
        "coordinates": [
          -121.96232,
          47.68949
        ]
      },
      "properties": {
        "order_id": "ORD-0317",
        "plant_id": "PLT-002",
        "plant_name": "Puget Sound Aggregates",
        "date": "2021-03-09",
        "volume_tons": 343,
        "asp": 12.55,
        "delivery_fee": 8.15,
        "total_asp": 20.7,
        "product": "Mason Sand",
        "product_type": "concrete_agg",
        "geology": "Sand & Gravel",
        "dist_from_plant": 23.8
      }
    },
    {
      "type": "Feature",
      "geometry": {
        "type": "Point",
        "coordinates": [
          -122.63622,
          47.49746
        ]
      },
      "properties": {
        "order_id": "ORD-0318",
        "plant_id": "PLT-002",
        "plant_name": "Puget Sound Aggregates",
        "date": "2022-02-06",
        "volume_tons": 887,
        "asp": 13.07,
        "delivery_fee": 7.32,
        "total_asp": 20.39,
        "product": "Mason Sand",
        "product_type": "concrete_agg",
        "geology": "Sand & Gravel",
        "dist_from_plant": 19.49
      }
    },
    {
      "type": "Feature",
      "geometry": {
        "type": "Point",
        "coordinates": [
          -122.22766,
          47.54218
        ]
      },
      "properties": {
        "order_id": "ORD-0319",
        "plant_id": "PLT-002",
        "plant_name": "Puget Sound Aggregates",
        "date": "2024-02-27",
        "volume_tons": 347,
        "asp": 13.31,
        "delivery_fee": 3.03,
        "total_asp": 16.34,
        "product": "Pea Gravel",
        "product_type": "concrete_agg",
        "geology": "Sand & Gravel",
        "dist_from_plant": 8.53
      }
    },
    {
      "type": "Feature",
      "geometry": {
        "type": "Point",
        "coordinates": [
          -122.78876,
          47.2469
        ]
      },
      "properties": {
        "order_id": "ORD-0320",
        "plant_id": "PLT-002",
        "plant_name": "Puget Sound Aggregates",
        "date": "2022-03-13",
        "volume_tons": 492,
        "asp": 12.84,
        "delivery_fee": 10.69,
        "total_asp": 23.53,
        "product": "Mason Sand",
        "product_type": "concrete_agg",
        "geology": "Sand & Gravel",
        "dist_from_plant": 28.99
      }
    },
    {
      "type": "Feature",
      "geometry": {
        "type": "Point",
        "coordinates": [
          -122.02823,
          47.29814
        ]
      },
      "properties": {
        "order_id": "ORD-0321",
        "plant_id": "PLT-002",
        "plant_name": "Puget Sound Aggregates",
        "date": "2023-11-06",
        "volume_tons": 1722,
        "asp": 12.45,
        "delivery_fee": 5.17,
        "total_asp": 17.62,
        "product": "Mason Sand",
        "product_type": "concrete_agg",
        "geology": "Sand & Gravel",
        "dist_from_plant": 14.4
      }
    },
    {
      "type": "Feature",
      "geometry": {
        "type": "Point",
        "coordinates": [
          -122.3633,
          47.46696
        ]
      },
      "properties": {
        "order_id": "ORD-0322",
        "plant_id": "PLT-002",
        "plant_name": "Puget Sound Aggregates",
        "date": "2024-02-11",
        "volume_tons": 961,
        "asp": 13.34,
        "delivery_fee": 2.18,
        "total_asp": 15.52,
        "product": "Concrete Sand",
        "product_type": "concrete_agg",
        "geology": "Sand & Gravel",
        "dist_from_plant": 6.02
      }
    },
    {
      "type": "Feature",
      "geometry": {
        "type": "Point",
        "coordinates": [
          -122.51637,
          47.51826
        ]
      },
      "properties": {
        "order_id": "ORD-0323",
        "plant_id": "PLT-002",
        "plant_name": "Puget Sound Aggregates",
        "date": "2023-09-21",
        "volume_tons": 7755,
        "asp": 13.84,
        "delivery_fee": 5.39,
        "total_asp": 19.23,
        "product": "Concrete Sand",
        "product_type": "concrete_agg",
        "geology": "Sand & Gravel",
        "dist_from_plant": 14.42
      }
    },
    {
      "type": "Feature",
      "geometry": {
        "type": "Point",
        "coordinates": [
          -122.85407,
          47.35621
        ]
      },
      "properties": {
        "order_id": "ORD-0324",
        "plant_id": "PLT-002",
        "plant_name": "Puget Sound Aggregates",
        "date": "2020-02-11",
        "volume_tons": 372,
        "asp": 10.72,
        "delivery_fee": 12.31,
        "total_asp": 23.03,
        "product": "#57 Gravel",
        "product_type": "base",
        "geology": "Sand & Gravel",
        "dist_from_plant": 29.99
      }
    },
    {
      "type": "Feature",
      "geometry": {
        "type": "Point",
        "coordinates": [
          -121.68442,
          47.17801
        ]
      },
      "properties": {
        "order_id": "ORD-0325",
        "plant_id": "PLT-002",
        "plant_name": "Puget Sound Aggregates",
        "date": "2023-01-06",
        "volume_tons": 1141,
        "asp": 13.44,
        "delivery_fee": 12.49,
        "total_asp": 25.93,
        "product": "Pea Gravel",
        "product_type": "concrete_agg",
        "geology": "Sand & Gravel",
        "dist_from_plant": 33.35
      }
    },
    {
      "type": "Feature",
      "geometry": {
        "type": "Point",
        "coordinates": [
          -122.80312,
          47.66533
        ]
      },
      "properties": {
        "order_id": "ORD-0326",
        "plant_id": "PLT-002",
        "plant_name": "Puget Sound Aggregates",
        "date": "2022-11-08",
        "volume_tons": 1575,
        "asp": 11.64,
        "delivery_fee": 12.06,
        "total_asp": 23.7,
        "product": "#57 Gravel",
        "product_type": "base",
        "geology": "Sand & Gravel",
        "dist_from_plant": 31.92
      }
    },
    {
      "type": "Feature",
      "geometry": {
        "type": "Point",
        "coordinates": [
          -122.10619,
          47.59957
        ]
      },
      "properties": {
        "order_id": "ORD-0327",
        "plant_id": "PLT-002",
        "plant_name": "Puget Sound Aggregates",
        "date": "2020-12-27",
        "volume_tons": 391,
        "asp": 11.4,
        "delivery_fee": 5.3,
        "total_asp": 16.7,
        "product": "Mason Sand",
        "product_type": "concrete_agg",
        "geology": "Sand & Gravel",
        "dist_from_plant": 14.55
      }
    },
    {
      "type": "Feature",
      "geometry": {
        "type": "Point",
        "coordinates": [
          -122.04737,
          47.19869
        ]
      },
      "properties": {
        "order_id": "ORD-0328",
        "plant_id": "PLT-002",
        "plant_name": "Puget Sound Aggregates",
        "date": "2021-10-06",
        "volume_tons": 335,
        "asp": 12.43,
        "delivery_fee": 7.72,
        "total_asp": 20.15,
        "product": "Pea Gravel",
        "product_type": "concrete_agg",
        "geology": "Sand & Gravel",
        "dist_from_plant": 18.69
      }
    },
    {
      "type": "Feature",
      "geometry": {
        "type": "Point",
        "coordinates": [
          -122.61666,
          46.96672
        ]
      },
      "properties": {
        "order_id": "ORD-0329",
        "plant_id": "PLT-002",
        "plant_name": "Puget Sound Aggregates",
        "date": "2023-03-13",
        "volume_tons": 260,
        "asp": 13.62,
        "delivery_fee": 13.22,
        "total_asp": 26.84,
        "product": "Pea Gravel",
        "product_type": "concrete_agg",
        "geology": "Sand & Gravel",
        "dist_from_plant": 36.04
      }
    },
    {
      "type": "Feature",
      "geometry": {
        "type": "Point",
        "coordinates": [
          -121.85632,
          47.65176
        ]
      },
      "properties": {
        "order_id": "ORD-0330",
        "plant_id": "PLT-002",
        "plant_name": "Puget Sound Aggregates",
        "date": "2020-12-04",
        "volume_tons": 3181,
        "asp": 12.65,
        "delivery_fee": 9.75,
        "total_asp": 22.4,
        "product": "Concrete Sand",
        "product_type": "concrete_agg",
        "geology": "Sand & Gravel",
        "dist_from_plant": 25.75
      }
    },
    {
      "type": "Feature",
      "geometry": {
        "type": "Point",
        "coordinates": [
          -122.49988,
          47.64871
        ]
      },
      "properties": {
        "order_id": "ORD-0331",
        "plant_id": "PLT-002",
        "plant_name": "Puget Sound Aggregates",
        "date": "2022-07-27",
        "volume_tons": 276,
        "asp": 11.54,
        "delivery_fee": 8.0,
        "total_asp": 19.54,
        "product": "Mason Sand",
        "product_type": "concrete_agg",
        "geology": "Sand & Gravel",
        "dist_from_plant": 19.74
      }
    },
    {
      "type": "Feature",
      "geometry": {
        "type": "Point",
        "coordinates": [
          -122.00385,
          47.57736
        ]
      },
      "properties": {
        "order_id": "ORD-0332",
        "plant_id": "PLT-002",
        "plant_name": "Puget Sound Aggregates",
        "date": "2023-06-25",
        "volume_tons": 556,
        "asp": 13.55,
        "delivery_fee": 6.4,
        "total_asp": 19.95,
        "product": "Pea Gravel",
        "product_type": "concrete_agg",
        "geology": "Sand & Gravel",
        "dist_from_plant": 16.78
      }
    },
    {
      "type": "Feature",
      "geometry": {
        "type": "Point",
        "coordinates": [
          -122.3143,
          47.6572
        ]
      },
      "properties": {
        "order_id": "ORD-0333",
        "plant_id": "PLT-002",
        "plant_name": "Puget Sound Aggregates",
        "date": "2022-12-07",
        "volume_tons": 1028,
        "asp": 12.85,
        "delivery_fee": 6.24,
        "total_asp": 19.09,
        "product": "Concrete Sand",
        "product_type": "concrete_agg",
        "geology": "Sand & Gravel",
        "dist_from_plant": 16.51
      }
    },
    {
      "type": "Feature",
      "geometry": {
        "type": "Point",
        "coordinates": [
          -122.92741,
          47.72658
        ]
      },
      "properties": {
        "order_id": "ORD-0334",
        "plant_id": "PLT-002",
        "plant_name": "Puget Sound Aggregates",
        "date": "2022-07-18",
        "volume_tons": 500,
        "asp": 12.55,
        "delivery_fee": 15.76,
        "total_asp": 28.31,
        "product": "Pea Gravel",
        "product_type": "concrete_agg",
        "geology": "Sand & Gravel",
        "dist_from_plant": 39.43
      }
    },
    {
      "type": "Feature",
      "geometry": {
        "type": "Point",
        "coordinates": [
          -121.92124,
          47.1921
        ]
      },
      "properties": {
        "order_id": "ORD-0335",
        "plant_id": "PLT-002",
        "plant_name": "Puget Sound Aggregates",
        "date": "2024-10-08",
        "volume_tons": 1883,
        "asp": 12.75,
        "delivery_fee": 8.09,
        "total_asp": 20.84,
        "product": "Concrete Sand",
        "product_type": "concrete_agg",
        "geology": "Sand & Gravel",
        "dist_from_plant": 23.2
      }
    },
    {
      "type": "Feature",
      "geometry": {
        "type": "Point",
        "coordinates": [
          -122.65718,
          47.83498
        ]
      },
      "properties": {
        "order_id": "ORD-0336",
        "plant_id": "PLT-002",
        "plant_name": "Puget Sound Aggregates",
        "date": "2021-10-16",
        "volume_tons": 635,
        "asp": 11.62,
        "delivery_fee": 13.95,
        "total_asp": 25.57,
        "product": "#57 Gravel",
        "product_type": "base",
        "geology": "Sand & Gravel",
        "dist_from_plant": 34.76
      }
    },
    {
      "type": "Feature",
      "geometry": {
        "type": "Point",
        "coordinates": [
          -121.74939,
          47.86151
        ]
      },
      "properties": {
        "order_id": "ORD-0337",
        "plant_id": "PLT-002",
        "plant_name": "Puget Sound Aggregates",
        "date": "2023-10-05",
        "volume_tons": 1038,
        "asp": 12.0,
        "delivery_fee": 16.4,
        "total_asp": 28.4,
        "product": "Pea Gravel",
        "product_type": "concrete_agg",
        "geology": "Sand & Gravel",
        "dist_from_plant": 39.73
      }
    },
    {
      "type": "Feature",
      "geometry": {
        "type": "Point",
        "coordinates": [
          -121.96284,
          47.92661
        ]
      },
      "properties": {
        "order_id": "ORD-0338",
        "plant_id": "PLT-002",
        "plant_name": "Puget Sound Aggregates",
        "date": "2024-03-26",
        "volume_tons": 1869,
        "asp": 12.1,
        "delivery_fee": 13.91,
        "total_asp": 26.01,
        "product": "Concrete Sand",
        "product_type": "concrete_agg",
        "geology": "Sand & Gravel",
        "dist_from_plant": 37.94
      }
    },
    {
      "type": "Feature",
      "geometry": {
        "type": "Point",
        "coordinates": [
          -122.36754,
          46.98819
        ]
      },
      "properties": {
        "order_id": "ORD-0339",
        "plant_id": "PLT-002",
        "plant_name": "Puget Sound Aggregates",
        "date": "2020-11-08",
        "volume_tons": 914,
        "asp": 11.87,
        "delivery_fee": 11.36,
        "total_asp": 23.23,
        "product": "Pea Gravel",
        "product_type": "concrete_agg",
        "geology": "Sand & Gravel",
        "dist_from_plant": 30.34
      }
    },
    {
      "type": "Feature",
      "geometry": {
        "type": "Point",
        "coordinates": [
          -122.82892,
          47.1045
        ]
      },
      "properties": {
        "order_id": "ORD-0340",
        "plant_id": "PLT-002",
        "plant_name": "Puget Sound Aggregates",
        "date": "2024-05-06",
        "volume_tons": 1872,
        "asp": 13.63,
        "delivery_fee": 14.5,
        "total_asp": 28.13,
        "product": "Mason Sand",
        "product_type": "concrete_agg",
        "geology": "Sand & Gravel",
        "dist_from_plant": 35.82
      }
    },
    {
      "type": "Feature",
      "geometry": {
        "type": "Point",
        "coordinates": [
          -122.26717,
          46.8732
        ]
      },
      "properties": {
        "order_id": "ORD-0341",
        "plant_id": "PLT-002",
        "plant_name": "Puget Sound Aggregates",
        "date": "2023-10-01",
        "volume_tons": 1587,
        "asp": 13.46,
        "delivery_fee": 15.44,
        "total_asp": 28.9,
        "product": "Concrete Sand",
        "product_type": "concrete_agg",
        "geology": "Sand & Gravel",
        "dist_from_plant": 37.8
      }
    },
    {
      "type": "Feature",
      "geometry": {
        "type": "Point",
        "coordinates": [
          -122.81333,
          47.58228
        ]
      },
      "properties": {
        "order_id": "ORD-0342",
        "plant_id": "PLT-002",
        "plant_name": "Puget Sound Aggregates",
        "date": "2023-09-01",
        "volume_tons": 328,
        "asp": 11.77,
        "delivery_fee": 10.35,
        "total_asp": 22.12,
        "product": "#57 Gravel",
        "product_type": "base",
        "geology": "Sand & Gravel",
        "dist_from_plant": 29.77
      }
    },
    {
      "type": "Feature",
      "geometry": {
        "type": "Point",
        "coordinates": [
          -122.00677,
          46.91723
        ]
      },
      "properties": {
        "order_id": "ORD-0343",
        "plant_id": "PLT-002",
        "plant_name": "Puget Sound Aggregates",
        "date": "2020-08-09",
        "volume_tons": 431,
        "asp": 10.66,
        "delivery_fee": 15.26,
        "total_asp": 25.92,
        "product": "#57 Gravel",
        "product_type": "base",
        "geology": "Sand & Gravel",
        "dist_from_plant": 37.01
      }
    },
    {
      "type": "Feature",
      "geometry": {
        "type": "Point",
        "coordinates": [
          -122.34894,
          47.93546
        ]
      },
      "properties": {
        "order_id": "ORD-0344",
        "plant_id": "PLT-002",
        "plant_name": "Puget Sound Aggregates",
        "date": "2023-01-12",
        "volume_tons": 1360,
        "asp": 10.71,
        "delivery_fee": 13.52,
        "total_asp": 24.23,
        "product": "#57 Gravel",
        "product_type": "base",
        "geology": "Sand & Gravel",
        "dist_from_plant": 35.77
      }
    },
    {
      "type": "Feature",
      "geometry": {
        "type": "Point",
        "coordinates": [
          -122.47484,
          47.22677
        ]
      },
      "properties": {
        "order_id": "ORD-0345",
        "plant_id": "PLT-002",
        "plant_name": "Puget Sound Aggregates",
        "date": "2023-02-02",
        "volume_tons": 148,
        "asp": 12.03,
        "delivery_fee": 7.16,
        "total_asp": 19.19,
        "product": "Mason Sand",
        "product_type": "concrete_agg",
        "geology": "Sand & Gravel",
        "dist_from_plant": 17.14
      }
    },
    {
      "type": "Feature",
      "geometry": {
        "type": "Point",
        "coordinates": [
          -122.74612,
          47.01326
        ]
      },
      "properties": {
        "order_id": "ORD-0346",
        "plant_id": "PLT-002",
        "plant_name": "Puget Sound Aggregates",
        "date": "2022-10-13",
        "volume_tons": 685,
        "asp": 12.16,
        "delivery_fee": 14.07,
        "total_asp": 26.23,
        "product": "Mason Sand",
        "product_type": "concrete_agg",
        "geology": "Sand & Gravel",
        "dist_from_plant": 37.15
      }
    },
    {
      "type": "Feature",
      "geometry": {
        "type": "Point",
        "coordinates": [
          -122.90085,
          47.12598
        ]
      },
      "properties": {
        "order_id": "ORD-0347",
        "plant_id": "PLT-002",
        "plant_name": "Puget Sound Aggregates",
        "date": "2024-04-18",
        "volume_tons": 802,
        "asp": 12.09,
        "delivery_fee": 15.82,
        "total_asp": 27.91,
        "product": "Concrete Sand",
        "product_type": "concrete_agg",
        "geology": "Sand & Gravel",
        "dist_from_plant": 37.92
      }
    },
    {
      "type": "Feature",
      "geometry": {
        "type": "Point",
        "coordinates": [
          -122.31359,
          47.97972
        ]
      },
      "properties": {
        "order_id": "ORD-0348",
        "plant_id": "PLT-002",
        "plant_name": "Puget Sound Aggregates",
        "date": "2023-07-22",
        "volume_tons": 7274,
        "asp": 11.12,
        "delivery_fee": 15.33,
        "total_asp": 26.45,
        "product": "#57 Gravel",
        "product_type": "base",
        "geology": "Sand & Gravel",
        "dist_from_plant": 38.64
      }
    },
    {
      "type": "Feature",
      "geometry": {
        "type": "Point",
        "coordinates": [
          -122.57314,
          47.15423
        ]
      },
      "properties": {
        "order_id": "ORD-0349",
        "plant_id": "PLT-002",
        "plant_name": "Puget Sound Aggregates",
        "date": "2022-09-07",
        "volume_tons": 264,
        "asp": 12.21,
        "delivery_fee": 8.71,
        "total_asp": 20.92,
        "product": "Pea Gravel",
        "product_type": "concrete_agg",
        "geology": "Sand & Gravel",
        "dist_from_plant": 24.13
      }
    },
    {
      "type": "Feature",
      "geometry": {
        "type": "Point",
        "coordinates": [
          -122.49769,
          47.50645
        ]
      },
      "properties": {
        "order_id": "ORD-0350",
        "plant_id": "PLT-002",
        "plant_name": "Puget Sound Aggregates",
        "date": "2021-11-12",
        "volume_tons": 181,
        "asp": 11.63,
        "delivery_fee": 4.7,
        "total_asp": 16.33,
        "product": "Mason Sand",
        "product_type": "concrete_agg",
        "geology": "Sand & Gravel",
        "dist_from_plant": 13.22
      }
    },
    {
      "type": "Feature",
      "geometry": {
        "type": "Point",
        "coordinates": [
          -122.54566,
          47.58083
        ]
      },
      "properties": {
        "order_id": "ORD-0351",
        "plant_id": "PLT-002",
        "plant_name": "Puget Sound Aggregates",
        "date": "2021-02-01",
        "volume_tons": 493,
        "asp": 10.99,
        "delivery_fee": 6.64,
        "total_asp": 17.63,
        "product": "#57 Gravel",
        "product_type": "base",
        "geology": "Sand & Gravel",
        "dist_from_plant": 18.01
      }
    },
    {
      "type": "Feature",
      "geometry": {
        "type": "Point",
        "coordinates": [
          -122.82715,
          47.22225
        ]
      },
      "properties": {
        "order_id": "ORD-0352",
        "plant_id": "PLT-002",
        "plant_name": "Puget Sound Aggregates",
        "date": "2020-03-22",
        "volume_tons": 1106,
        "asp": 10.54,
        "delivery_fee": 11.78,
        "total_asp": 22.32,
        "product": "#57 Gravel",
        "product_type": "base",
        "geology": "Sand & Gravel",
        "dist_from_plant": 31.45
      }
    },
    {
      "type": "Feature",
      "geometry": {
        "type": "Point",
        "coordinates": [
          -121.76652,
          47.43815
        ]
      },
      "properties": {
        "order_id": "ORD-0353",
        "plant_id": "PLT-002",
        "plant_name": "Puget Sound Aggregates",
        "date": "2021-01-29",
        "volume_tons": 8115,
        "asp": 12.67,
        "delivery_fee": 10.25,
        "total_asp": 22.92,
        "product": "Mason Sand",
        "product_type": "concrete_agg",
        "geology": "Sand & Gravel",
        "dist_from_plant": 24.75
      }
    },
    {
      "type": "Feature",
      "geometry": {
        "type": "Point",
        "coordinates": [
          -121.78703,
          47.19328
        ]
      },
      "properties": {
        "order_id": "ORD-0354",
        "plant_id": "PLT-002",
        "plant_name": "Puget Sound Aggregates",
        "date": "2024-09-06",
        "volume_tons": 272,
        "asp": 13.01,
        "delivery_fee": 11.13,
        "total_asp": 24.14,
        "product": "Concrete Sand",
        "product_type": "concrete_agg",
        "geology": "Sand & Gravel",
        "dist_from_plant": 28.43
      }
    },
    {
      "type": "Feature",
      "geometry": {
        "type": "Point",
        "coordinates": [
          -122.69062,
          47.67198
        ]
      },
      "properties": {
        "order_id": "ORD-0355",
        "plant_id": "PLT-002",
        "plant_name": "Puget Sound Aggregates",
        "date": "2020-08-28",
        "volume_tons": 654,
        "asp": 11.13,
        "delivery_fee": 10.82,
        "total_asp": 21.95,
        "product": "Concrete Sand",
        "product_type": "concrete_agg",
        "geology": "Sand & Gravel",
        "dist_from_plant": 27.59
      }
    },
    {
      "type": "Feature",
      "geometry": {
        "type": "Point",
        "coordinates": [
          -122.11024,
          47.17692
        ]
      },
      "properties": {
        "order_id": "ORD-0356",
        "plant_id": "PLT-002",
        "plant_name": "Puget Sound Aggregates",
        "date": "2024-04-25",
        "volume_tons": 876,
        "asp": 12.86,
        "delivery_fee": 7.0,
        "total_asp": 19.86,
        "product": "Pea Gravel",
        "product_type": "concrete_agg",
        "geology": "Sand & Gravel",
        "dist_from_plant": 18.45
      }
    },
    {
      "type": "Feature",
      "geometry": {
        "type": "Point",
        "coordinates": [
          -122.13255,
          47.85369
        ]
      },
      "properties": {
        "order_id": "ORD-0357",
        "plant_id": "PLT-002",
        "plant_name": "Puget Sound Aggregates",
        "date": "2024-05-17",
        "volume_tons": 1602,
        "asp": 13.66,
        "delivery_fee": 10.8,
        "total_asp": 24.46,
        "product": "Mason Sand",
        "product_type": "concrete_agg",
        "geology": "Sand & Gravel",
        "dist_from_plant": 30.54
      }
    },
    {
      "type": "Feature",
      "geometry": {
        "type": "Point",
        "coordinates": [
          -122.00462,
          47.85583
        ]
      },
      "properties": {
        "order_id": "ORD-0358",
        "plant_id": "PLT-002",
        "plant_name": "Puget Sound Aggregates",
        "date": "2021-09-13",
        "volume_tons": 1205,
        "asp": 11.24,
        "delivery_fee": 12.16,
        "total_asp": 23.4,
        "product": "Mason Sand",
        "product_type": "concrete_agg",
        "geology": "Sand & Gravel",
        "dist_from_plant": 32.63
      }
    },
    {
      "type": "Feature",
      "geometry": {
        "type": "Point",
        "coordinates": [
          -122.22098,
          47.66817
        ]
      },
      "properties": {
        "order_id": "ORD-0359",
        "plant_id": "PLT-002",
        "plant_name": "Puget Sound Aggregates",
        "date": "2023-04-20",
        "volume_tons": 1132,
        "asp": 12.08,
        "delivery_fee": 6.99,
        "total_asp": 19.07,
        "product": "Mason Sand",
        "product_type": "concrete_agg",
        "geology": "Sand & Gravel",
        "dist_from_plant": 17.17
      }
    },
    {
      "type": "Feature",
      "geometry": {
        "type": "Point",
        "coordinates": [
          -122.22688,
          46.86878
        ]
      },
      "properties": {
        "order_id": "ORD-0360",
        "plant_id": "PLT-002",
        "plant_name": "Puget Sound Aggregates",
        "date": "2024-03-17",
        "volume_tons": 1066,
        "asp": 12.23,
        "delivery_fee": 15.5,
        "total_asp": 27.73,
        "product": "Mason Sand",
        "product_type": "concrete_agg",
        "geology": "Sand & Gravel",
        "dist_from_plant": 38.14
      }
    },
    {
      "type": "Feature",
      "geometry": {
        "type": "Point",
        "coordinates": [
          -122.43856,
          47.63756
        ]
      },
      "properties": {
        "order_id": "ORD-0361",
        "plant_id": "PLT-002",
        "plant_name": "Puget Sound Aggregates",
        "date": "2024-07-05",
        "volume_tons": 7675,
        "asp": 13.79,
        "delivery_fee": 6.96,
        "total_asp": 20.75,
        "product": "Concrete Sand",
        "product_type": "concrete_agg",
        "geology": "Sand & Gravel",
        "dist_from_plant": 17.38
      }
    },
    {
      "type": "Feature",
      "geometry": {
        "type": "Point",
        "coordinates": [
          -122.53842,
          47.61179
        ]
      },
      "properties": {
        "order_id": "ORD-0362",
        "plant_id": "PLT-002",
        "plant_name": "Puget Sound Aggregates",
        "date": "2021-01-31",
        "volume_tons": 1888,
        "asp": 11.42,
        "delivery_fee": 7.43,
        "total_asp": 18.85,
        "product": "#57 Gravel",
        "product_type": "base",
        "geology": "Sand & Gravel",
        "dist_from_plant": 19.12
      }
    },
    {
      "type": "Feature",
      "geometry": {
        "type": "Point",
        "coordinates": [
          -121.82994,
          47.68944
        ]
      },
      "properties": {
        "order_id": "ORD-0363",
        "plant_id": "PLT-002",
        "plant_name": "Puget Sound Aggregates",
        "date": "2021-11-29",
        "volume_tons": 375,
        "asp": 12.44,
        "delivery_fee": 11.43,
        "total_asp": 23.87,
        "product": "Concrete Sand",
        "product_type": "concrete_agg",
        "geology": "Sand & Gravel",
        "dist_from_plant": 28.42
      }
    },
    {
      "type": "Feature",
      "geometry": {
        "type": "Point",
        "coordinates": [
          -122.31579,
          47.49877
        ]
      },
      "properties": {
        "order_id": "ORD-0364",
        "plant_id": "PLT-002",
        "plant_name": "Puget Sound Aggregates",
        "date": "2022-01-29",
        "volume_tons": 2378,
        "asp": 12.34,
        "delivery_fee": 2.45,
        "total_asp": 14.79,
        "product": "Pea Gravel",
        "product_type": "concrete_agg",
        "geology": "Sand & Gravel",
        "dist_from_plant": 6.02
      }
    },
    {
      "type": "Feature",
      "geometry": {
        "type": "Point",
        "coordinates": [
          -121.88031,
          47.83394
        ]
      },
      "properties": {
        "order_id": "ORD-0365",
        "plant_id": "PLT-002",
        "plant_name": "Puget Sound Aggregates",
        "date": "2023-05-05",
        "volume_tons": 1162,
        "asp": 12.85,
        "delivery_fee": 13.46,
        "total_asp": 26.31,
        "product": "Concrete Sand",
        "product_type": "concrete_agg",
        "geology": "Sand & Gravel",
        "dist_from_plant": 34.27
      }
    },
    {
      "type": "Feature",
      "geometry": {
        "type": "Point",
        "coordinates": [
          -122.28521,
          47.54934
        ]
      },
      "properties": {
        "order_id": "ORD-0366",
        "plant_id": "PLT-002",
        "plant_name": "Puget Sound Aggregates",
        "date": "2021-05-08",
        "volume_tons": 8989,
        "asp": 12.36,
        "delivery_fee": 3.63,
        "total_asp": 15.99,
        "product": "Mason Sand",
        "product_type": "concrete_agg",
        "geology": "Sand & Gravel",
        "dist_from_plant": 8.94
      }
    },
    {
      "type": "Feature",
      "geometry": {
        "type": "Point",
        "coordinates": [
          -122.98135,
          47.26516
        ]
      },
      "properties": {
        "order_id": "ORD-0367",
        "plant_id": "PLT-002",
        "plant_name": "Puget Sound Aggregates",
        "date": "2022-01-20",
        "volume_tons": 816,
        "asp": 12.61,
        "delivery_fee": 13.99,
        "total_asp": 26.6,
        "product": "Pea Gravel",
        "product_type": "concrete_agg",
        "geology": "Sand & Gravel",
        "dist_from_plant": 37.59
      }
    },
    {
      "type": "Feature",
      "geometry": {
        "type": "Point",
        "coordinates": [
          -122.33689,
          47.81791
        ]
      },
      "properties": {
        "order_id": "ORD-0368",
        "plant_id": "PLT-002",
        "plant_name": "Puget Sound Aggregates",
        "date": "2020-06-10",
        "volume_tons": 9389,
        "asp": 10.02,
        "delivery_fee": 11.15,
        "total_asp": 21.17,
        "product": "#57 Gravel",
        "product_type": "base",
        "geology": "Sand & Gravel",
        "dist_from_plant": 27.65
      }
    },
    {
      "type": "Feature",
      "geometry": {
        "type": "Point",
        "coordinates": [
          -121.57199,
          47.21841
        ]
      },
      "properties": {
        "order_id": "ORD-0369",
        "plant_id": "PLT-002",
        "plant_name": "Puget Sound Aggregates",
        "date": "2023-03-24",
        "volume_tons": 664,
        "asp": 12.08,
        "delivery_fee": 15.5,
        "total_asp": 27.58,
        "product": "Pea Gravel",
        "product_type": "concrete_agg",
        "geology": "Sand & Gravel",
        "dist_from_plant": 37.18
      }
    },
    {
      "type": "Feature",
      "geometry": {
        "type": "Point",
        "coordinates": [
          -122.35784,
          47.91723
        ]
      },
      "properties": {
        "order_id": "ORD-0370",
        "plant_id": "PLT-002",
        "plant_name": "Puget Sound Aggregates",
        "date": "2021-12-26",
        "volume_tons": 6000,
        "asp": 12.58,
        "delivery_fee": 12.29,
        "total_asp": 24.87,
        "product": "Pea Gravel",
        "product_type": "concrete_agg",
        "geology": "Sand & Gravel",
        "dist_from_plant": 34.58
      }
    },
    {
      "type": "Feature",
      "geometry": {
        "type": "Point",
        "coordinates": [
          -121.89927,
          47.67052
        ]
      },
      "properties": {
        "order_id": "ORD-0371",
        "plant_id": "PLT-002",
        "plant_name": "Puget Sound Aggregates",
        "date": "2024-07-08",
        "volume_tons": 258,
        "asp": 12.76,
        "delivery_fee": 8.99,
        "total_asp": 21.75,
        "product": "#57 Gravel",
        "product_type": "base",
        "geology": "Sand & Gravel",
        "dist_from_plant": 24.97
      }
    },
    {
      "type": "Feature",
      "geometry": {
        "type": "Point",
        "coordinates": [
          -122.24811,
          47.82609
        ]
      },
      "properties": {
        "order_id": "ORD-0372",
        "plant_id": "PLT-002",
        "plant_name": "Puget Sound Aggregates",
        "date": "2024-05-18",
        "volume_tons": 1084,
        "asp": 12.36,
        "delivery_fee": 10.78,
        "total_asp": 23.14,
        "product": "Concrete Sand",
        "product_type": "concrete_agg",
        "geology": "Sand & Gravel",
        "dist_from_plant": 27.96
      }
    },
    {
      "type": "Feature",
      "geometry": {
        "type": "Point",
        "coordinates": [
          -122.63976,
          47.03048
        ]
      },
      "properties": {
        "order_id": "ORD-0373",
        "plant_id": "PLT-002",
        "plant_name": "Puget Sound Aggregates",
        "date": "2021-07-29",
        "volume_tons": 279,
        "asp": 10.17,
        "delivery_fee": 12.64,
        "total_asp": 22.81,
        "product": "#57 Gravel",
        "product_type": "base",
        "geology": "Sand & Gravel",
        "dist_from_plant": 32.94
      }
    },
    {
      "type": "Feature",
      "geometry": {
        "type": "Point",
        "coordinates": [
          -122.40527,
          47.4209
        ]
      },
      "properties": {
        "order_id": "ORD-0374",
        "plant_id": "PLT-002",
        "plant_name": "Puget Sound Aggregates",
        "date": "2021-10-27",
        "volume_tons": 1806,
        "asp": 12.98,
        "delivery_fee": 2.96,
        "total_asp": 15.94,
        "product": "Mason Sand",
        "product_type": "concrete_agg",
        "geology": "Sand & Gravel",
        "dist_from_plant": 7.21
      }
    },
    {
      "type": "Feature",
      "geometry": {
        "type": "Point",
        "coordinates": [
          -122.05374,
          47.64397
        ]
      },
      "properties": {
        "order_id": "ORD-0375",
        "plant_id": "PLT-002",
        "plant_name": "Puget Sound Aggregates",
        "date": "2023-06-28",
        "volume_tons": 379,
        "asp": 13.02,
        "delivery_fee": 7.57,
        "total_asp": 20.59,
        "product": "Concrete Sand",
        "product_type": "concrete_agg",
        "geology": "Sand & Gravel",
        "dist_from_plant": 18.55
      }
    },
    {
      "type": "Feature",
      "geometry": {
        "type": "Point",
        "coordinates": [
          -122.15261,
          47.45412
        ]
      },
      "properties": {
        "order_id": "ORD-0376",
        "plant_id": "PLT-002",
        "plant_name": "Puget Sound Aggregates",
        "date": "2024-10-22",
        "volume_tons": 1955,
        "asp": 12.74,
        "delivery_fee": 2.42,
        "total_asp": 15.16,
        "product": "Mason Sand",
        "product_type": "concrete_agg",
        "geology": "Sand & Gravel",
        "dist_from_plant": 5.88
      }
    },
    {
      "type": "Feature",
      "geometry": {
        "type": "Point",
        "coordinates": [
          -122.60328,
          47.12154
        ]
      },
      "properties": {
        "order_id": "ORD-0377",
        "plant_id": "PLT-002",
        "plant_name": "Puget Sound Aggregates",
        "date": "2023-09-18",
        "volume_tons": 360,
        "asp": 11.84,
        "delivery_fee": 10.1,
        "total_asp": 21.94,
        "product": "Pea Gravel",
        "product_type": "concrete_agg",
        "geology": "Sand & Gravel",
        "dist_from_plant": 26.83
      }
    },
    {
      "type": "Feature",
      "geometry": {
        "type": "Point",
        "coordinates": [
          -122.32458,
          47.33893
        ]
      },
      "properties": {
        "order_id": "ORD-0378",
        "plant_id": "PLT-002",
        "plant_name": "Puget Sound Aggregates",
        "date": "2022-09-16",
        "volume_tons": 524,
        "asp": 11.71,
        "delivery_fee": 2.49,
        "total_asp": 14.2,
        "product": "#57 Gravel",
        "product_type": "base",
        "geology": "Sand & Gravel",
        "dist_from_plant": 6.49
      }
    },
    {
      "type": "Feature",
      "geometry": {
        "type": "Point",
        "coordinates": [
          -122.96163,
          47.21387
        ]
      },
      "properties": {
        "order_id": "ORD-0379",
        "plant_id": "PLT-002",
        "plant_name": "Puget Sound Aggregates",
        "date": "2024-09-03",
        "volume_tons": 504,
        "asp": 13.17,
        "delivery_fee": 12.97,
        "total_asp": 26.14,
        "product": "Concrete Sand",
        "product_type": "concrete_agg",
        "geology": "Sand & Gravel",
        "dist_from_plant": 37.83
      }
    },
    {
      "type": "Feature",
      "geometry": {
        "type": "Point",
        "coordinates": [
          -122.2183,
          47.85544
        ]
      },
      "properties": {
        "order_id": "ORD-0380",
        "plant_id": "PLT-002",
        "plant_name": "Puget Sound Aggregates",
        "date": "2024-02-29",
        "volume_tons": 283,
        "asp": 12.68,
        "delivery_fee": 11.82,
        "total_asp": 24.5,
        "product": "Pea Gravel",
        "product_type": "concrete_agg",
        "geology": "Sand & Gravel",
        "dist_from_plant": 30.05
      }
    },
    {
      "type": "Feature",
      "geometry": {
        "type": "Point",
        "coordinates": [
          -121.71073,
          47.17555
        ]
      },
      "properties": {
        "order_id": "ORD-0381",
        "plant_id": "PLT-002",
        "plant_name": "Puget Sound Aggregates",
        "date": "2020-09-07",
        "volume_tons": 111,
        "asp": 9.83,
        "delivery_fee": 11.93,
        "total_asp": 21.76,
        "product": "#57 Gravel",
        "product_type": "base",
        "geology": "Sand & Gravel",
        "dist_from_plant": 32.31
      }
    },
    {
      "type": "Feature",
      "geometry": {
        "type": "Point",
        "coordinates": [
          -122.17827,
          46.98882
        ]
      },
      "properties": {
        "order_id": "ORD-0382",
        "plant_id": "PLT-002",
        "plant_name": "Puget Sound Aggregates",
        "date": "2024-12-06",
        "volume_tons": 1060,
        "asp": 13.21,
        "delivery_fee": 11.21,
        "total_asp": 24.42,
        "product": "Pea Gravel",
        "product_type": "concrete_agg",
        "geology": "Sand & Gravel",
        "dist_from_plant": 30.11
      }
    },
    {
      "type": "Feature",
      "geometry": {
        "type": "Point",
        "coordinates": [
          -121.51026,
          47.42371
        ]
      },
      "properties": {
        "order_id": "ORD-0383",
        "plant_id": "PLT-002",
        "plant_name": "Puget Sound Aggregates",
        "date": "2024-05-17",
        "volume_tons": 1961,
        "asp": 10.96,
        "delivery_fee": 13.12,
        "total_asp": 24.08,
        "product": "#57 Gravel",
        "product_type": "base",
        "geology": "Sand & Gravel",
        "dist_from_plant": 37.54
      }
    },
    {
      "type": "Feature",
      "geometry": {
        "type": "Point",
        "coordinates": [
          -122.10094,
          47.67107
        ]
      },
      "properties": {
        "order_id": "ORD-0384",
        "plant_id": "PLT-002",
        "plant_name": "Puget Sound Aggregates",
        "date": "2023-12-14",
        "volume_tons": 816,
        "asp": 12.25,
        "delivery_fee": 6.94,
        "total_asp": 19.19,
        "product": "Mason Sand",
        "product_type": "concrete_agg",
        "geology": "Sand & Gravel",
        "dist_from_plant": 19.02
      }
    },
    {
      "type": "Feature",
      "geometry": {
        "type": "Point",
        "coordinates": [
          -121.97321,
          47.69155
        ]
      },
      "properties": {
        "order_id": "ORD-0385",
        "plant_id": "PLT-002",
        "plant_name": "Puget Sound Aggregates",
        "date": "2021-09-04",
        "volume_tons": 8455,
        "asp": 11.86,
        "delivery_fee": 9.47,
        "total_asp": 21.33,
        "product": "Pea Gravel",
        "product_type": "concrete_agg",
        "geology": "Sand & Gravel",
        "dist_from_plant": 23.57
      }
    },
    {
      "type": "Feature",
      "geometry": {
        "type": "Point",
        "coordinates": [
          -122.15239,
          47.41798
        ]
      },
      "properties": {
        "order_id": "ORD-0386",
        "plant_id": "PLT-002",
        "plant_name": "Puget Sound Aggregates",
        "date": "2023-07-30",
        "volume_tons": 7364,
        "asp": 11.27,
        "delivery_fee": 2.26,
        "total_asp": 13.53,
        "product": "#57 Gravel",
        "product_type": "base",
        "geology": "Sand & Gravel",
        "dist_from_plant": 5.43
      }
    },
    {
      "type": "Feature",
      "geometry": {
        "type": "Point",
        "coordinates": [
          -121.8457,
          47.45698
        ]
      },
      "properties": {
        "order_id": "ORD-0387",
        "plant_id": "PLT-002",
        "plant_name": "Puget Sound Aggregates",
        "date": "2024-10-03",
        "volume_tons": 3902,
        "asp": 12.71,
        "delivery_fee": 7.49,
        "total_asp": 20.2,
        "product": "Concrete Sand",
        "product_type": "concrete_agg",
        "geology": "Sand & Gravel",
        "dist_from_plant": 20.91
      }
    },
    {
      "type": "Feature",
      "geometry": {
        "type": "Point",
        "coordinates": [
          -122.09893,
          47.36905
        ]
      },
      "properties": {
        "order_id": "ORD-0388",
        "plant_id": "PLT-002",
        "plant_name": "Puget Sound Aggregates",
        "date": "2021-10-22",
        "volume_tons": 1628,
        "asp": 12.09,
        "delivery_fee": 3.31,
        "total_asp": 15.4,
        "product": "Pea Gravel",
        "product_type": "concrete_agg",
        "geology": "Sand & Gravel",
        "dist_from_plant": 8.86
      }
    },
    {
      "type": "Feature",
      "geometry": {
        "type": "Point",
        "coordinates": [
          -122.61685,
          47.67676
        ]
      },
      "properties": {
        "order_id": "ORD-0389",
        "plant_id": "PLT-002",
        "plant_name": "Puget Sound Aggregates",
        "date": "2023-07-09",
        "volume_tons": 9811,
        "asp": 13.67,
        "delivery_fee": 8.69,
        "total_asp": 22.36,
        "product": "Mason Sand",
        "product_type": "concrete_agg",
        "geology": "Sand & Gravel",
        "dist_from_plant": 25.06
      }
    },
    {
      "type": "Feature",
      "geometry": {
        "type": "Point",
        "coordinates": [
          -122.37191,
          47.10122
        ]
      },
      "properties": {
        "order_id": "ORD-0390",
        "plant_id": "PLT-002",
        "plant_name": "Puget Sound Aggregates",
        "date": "2020-12-30",
        "volume_tons": 811,
        "asp": 11.58,
        "delivery_fee": 8.73,
        "total_asp": 20.31,
        "product": "#57 Gravel",
        "product_type": "base",
        "geology": "Sand & Gravel",
        "dist_from_plant": 22.75
      }
    },
    {
      "type": "Feature",
      "geometry": {
        "type": "Point",
        "coordinates": [
          -121.91114,
          47.16247
        ]
      },
      "properties": {
        "order_id": "ORD-0391",
        "plant_id": "PLT-002",
        "plant_name": "Puget Sound Aggregates",
        "date": "2022-02-18",
        "volume_tons": 1768,
        "asp": 12.47,
        "delivery_fee": 9.24,
        "total_asp": 21.71,
        "product": "Concrete Sand",
        "product_type": "concrete_agg",
        "geology": "Sand & Gravel",
        "dist_from_plant": 24.98
      }
    },
    {
      "type": "Feature",
      "geometry": {
        "type": "Point",
        "coordinates": [
          -121.71993,
          47.71048
        ]
      },
      "properties": {
        "order_id": "ORD-0392",
        "plant_id": "PLT-002",
        "plant_name": "Puget Sound Aggregates",
        "date": "2023-09-12",
        "volume_tons": 2068,
        "asp": 12.33,
        "delivery_fee": 12.46,
        "total_asp": 24.79,
        "product": "Pea Gravel",
        "product_type": "concrete_agg",
        "geology": "Sand & Gravel",
        "dist_from_plant": 33.63
      }
    },
    {
      "type": "Feature",
      "geometry": {
        "type": "Point",
        "coordinates": [
          -122.55308,
          47.34873
        ]
      },
      "properties": {
        "order_id": "ORD-0393",
        "plant_id": "PLT-002",
        "plant_name": "Puget Sound Aggregates",
        "date": "2021-05-16",
        "volume_tons": 4127,
        "asp": 10.37,
        "delivery_fee": 5.31,
        "total_asp": 15.68,
        "product": "#57 Gravel",
        "product_type": "base",
        "geology": "Sand & Gravel",
        "dist_from_plant": 15.43
      }
    },
    {
      "type": "Feature",
      "geometry": {
        "type": "Point",
        "coordinates": [
          -121.77707,
          47.11191
        ]
      },
      "properties": {
        "order_id": "ORD-0394",
        "plant_id": "PLT-002",
        "plant_name": "Puget Sound Aggregates",
        "date": "2021-09-10",
        "volume_tons": 8110,
        "asp": 12.79,
        "delivery_fee": 13.1,
        "total_asp": 25.89,
        "product": "Mason Sand",
        "product_type": "concrete_agg",
        "geology": "Sand & Gravel",
        "dist_from_plant": 32.25
      }
    },
    {
      "type": "Feature",
      "geometry": {
        "type": "Point",
        "coordinates": [
          -121.55398,
          47.43797
        ]
      },
      "properties": {
        "order_id": "ORD-0395",
        "plant_id": "PLT-002",
        "plant_name": "Puget Sound Aggregates",
        "date": "2020-12-12",
        "volume_tons": 1506,
        "asp": 12.14,
        "delivery_fee": 14.02,
        "total_asp": 26.16,
        "product": "Mason Sand",
        "product_type": "concrete_agg",
        "geology": "Sand & Gravel",
        "dist_from_plant": 35.37
      }
    },
    {
      "type": "Feature",
      "geometry": {
        "type": "Point",
        "coordinates": [
          -122.6639,
          47.48331
        ]
      },
      "properties": {
        "order_id": "ORD-0396",
        "plant_id": "PLT-002",
        "plant_name": "Puget Sound Aggregates",
        "date": "2022-11-20",
        "volume_tons": 3226,
        "asp": 13.05,
        "delivery_fee": 7.68,
        "total_asp": 20.73,
        "product": "Mason Sand",
        "product_type": "concrete_agg",
        "geology": "Sand & Gravel",
        "dist_from_plant": 20.6
      }
    },
    {
      "type": "Feature",
      "geometry": {
        "type": "Point",
        "coordinates": [
          -122.76088,
          47.43507
        ]
      },
      "properties": {
        "order_id": "ORD-0397",
        "plant_id": "PLT-002",
        "plant_name": "Puget Sound Aggregates",
        "date": "2024-07-10",
        "volume_tons": 1203,
        "asp": 13.89,
        "delivery_fee": 9.42,
        "total_asp": 23.31,
        "product": "Concrete Sand",
        "product_type": "concrete_agg",
        "geology": "Sand & Gravel",
        "dist_from_plant": 25.01
      }
    },
    {
      "type": "Feature",
      "geometry": {
        "type": "Point",
        "coordinates": [
          -122.3417,
          47.57213
        ]
      },
      "properties": {
        "order_id": "ORD-0398",
        "plant_id": "PLT-002",
        "plant_name": "Puget Sound Aggregates",
        "date": "2020-12-15",
        "volume_tons": 2600,
        "asp": 11.13,
        "delivery_fee": 4.57,
        "total_asp": 15.7,
        "product": "Concrete Sand",
        "product_type": "concrete_agg",
        "geology": "Sand & Gravel",
        "dist_from_plant": 11.18
      }
    },
    {
      "type": "Feature",
      "geometry": {
        "type": "Point",
        "coordinates": [
          -121.66668,
          47.47796
        ]
      },
      "properties": {
        "order_id": "ORD-0399",
        "plant_id": "PLT-002",
        "plant_name": "Puget Sound Aggregates",
        "date": "2021-09-15",
        "volume_tons": 127,
        "asp": 12.1,
        "delivery_fee": 10.97,
        "total_asp": 23.07,
        "product": "Pea Gravel",
        "product_type": "concrete_agg",
        "geology": "Sand & Gravel",
        "dist_from_plant": 29.98
      }
    },
    {
      "type": "Feature",
      "geometry": {
        "type": "Point",
        "coordinates": [
          -122.32127,
          47.79173
        ]
      },
      "properties": {
        "order_id": "ORD-0400",
        "plant_id": "PLT-002",
        "plant_name": "Puget Sound Aggregates",
        "date": "2024-06-03",
        "volume_tons": 272,
        "asp": 12.34,
        "delivery_fee": 9.25,
        "total_asp": 21.59,
        "product": "Concrete Sand",
        "product_type": "concrete_agg",
        "geology": "Sand & Gravel",
        "dist_from_plant": 25.76
      }
    },
    {
      "type": "Feature",
      "geometry": {
        "type": "Point",
        "coordinates": [
          -122.00568,
          47.42395
        ]
      },
      "properties": {
        "order_id": "ORD-0401",
        "plant_id": "PLT-003",
        "plant_name": "Snoqualmie Stone Works",
        "date": "2023-11-11",
        "volume_tons": 1219,
        "asp": 15.36,
        "delivery_fee": 4.46,
        "total_asp": 19.82,
        "product": "9mm Chips",
        "product_type": "asphalt_agg",
        "geology": "Limestone",
        "dist_from_plant": 11.54
      }
    },
    {
      "type": "Feature",
      "geometry": {
        "type": "Point",
        "coordinates": [
          -121.95245,
          47.58965
        ]
      },
      "properties": {
        "order_id": "ORD-0402",
        "plant_id": "PLT-003",
        "plant_name": "Snoqualmie Stone Works",
        "date": "2023-07-11",
        "volume_tons": 1537,
        "asp": 16.08,
        "delivery_fee": 3.07,
        "total_asp": 19.15,
        "product": "Crusher Run",
        "product_type": "base",
        "geology": "Limestone",
        "dist_from_plant": 7.58
      }
    },
    {
      "type": "Feature",
      "geometry": {
        "type": "Point",
        "coordinates": [
          -121.72055,
          47.76833
        ]
      },
      "properties": {
        "order_id": "ORD-0403",
        "plant_id": "PLT-003",
        "plant_name": "Snoqualmie Stone Works",
        "date": "2021-10-21",
        "volume_tons": 476,
        "asp": 15.24,
        "delivery_fee": 6.45,
        "total_asp": 21.69,
        "product": "Crusher Run",
        "product_type": "base",
        "geology": "Limestone",
        "dist_from_plant": 17.34
      }
    },
    {
      "type": "Feature",
      "geometry": {
        "type": "Point",
        "coordinates": [
          -121.62783,
          47.84726
        ]
      },
      "properties": {
        "order_id": "ORD-0404",
        "plant_id": "PLT-003",
        "plant_name": "Snoqualmie Stone Works",
        "date": "2021-09-03",
        "volume_tons": 5530,
        "asp": 16.61,
        "delivery_fee": 8.83,
        "total_asp": 25.44,
        "product": "9mm Chips",
        "product_type": "asphalt_agg",
        "geology": "Limestone",
        "dist_from_plant": 24.09
      }
    },
    {
      "type": "Feature",
      "geometry": {
        "type": "Point",
        "coordinates": [
          -121.11729,
          47.47059
        ]
      },
      "properties": {
        "order_id": "ORD-0405",
        "plant_id": "PLT-003",
        "plant_name": "Snoqualmie Stone Works",
        "date": "2024-02-15",
        "volume_tons": 3997,
        "asp": 17.46,
        "delivery_fee": 13.67,
        "total_asp": 31.13,
        "product": "#8 Stone",
        "product_type": "asphalt_agg",
        "geology": "Limestone",
        "dist_from_plant": 35.66
      }
    },
    {
      "type": "Feature",
      "geometry": {
        "type": "Point",
        "coordinates": [
          -122.31836,
          47.4054
        ]
      },
      "properties": {
        "order_id": "ORD-0406",
        "plant_id": "PLT-003",
        "plant_name": "Snoqualmie Stone Works",
        "date": "2021-05-15",
        "volume_tons": 8447,
        "asp": 14.05,
        "delivery_fee": 10.82,
        "total_asp": 24.87,
        "product": "Crusher Run",
        "product_type": "base",
        "geology": "Limestone",
        "dist_from_plant": 26.05
      }
    },
    {
      "type": "Feature",
      "geometry": {
        "type": "Point",
        "coordinates": [
          -122.19336,
          47.6214
        ]
      },
      "properties": {
        "order_id": "ORD-0407",
        "plant_id": "PLT-003",
        "plant_name": "Snoqualmie Stone Works",
        "date": "2023-11-04",
        "volume_tons": 533,
        "asp": 16.55,
        "delivery_fee": 7.19,
        "total_asp": 23.74,
        "product": "#304 Base",
        "product_type": "base",
        "geology": "Limestone",
        "dist_from_plant": 19.44
      }
    },
    {
      "type": "Feature",
      "geometry": {
        "type": "Point",
        "coordinates": [
          -122.52402,
          47.31534
        ]
      },
      "properties": {
        "order_id": "ORD-0408",
        "plant_id": "PLT-003",
        "plant_name": "Snoqualmie Stone Works",
        "date": "2020-12-27",
        "volume_tons": 7293,
        "asp": 14.44,
        "delivery_fee": 14.89,
        "total_asp": 29.33,
        "product": "#304 Base",
        "product_type": "base",
        "geology": "Limestone",
        "dist_from_plant": 37.89
      }
    },
    {
      "type": "Feature",
      "geometry": {
        "type": "Point",
        "coordinates": [
          -122.014,
          47.40503
        ]
      },
      "properties": {
        "order_id": "ORD-0409",
        "plant_id": "PLT-003",
        "plant_name": "Snoqualmie Stone Works",
        "date": "2022-07-21",
        "volume_tons": 428,
        "asp": 16.98,
        "delivery_fee": 4.74,
        "total_asp": 21.72,
        "product": "#8 Stone",
        "product_type": "asphalt_agg",
        "geology": "Limestone",
        "dist_from_plant": 12.71
      }
    },
    {
      "type": "Feature",
      "geometry": {
        "type": "Point",
        "coordinates": [
          -121.66497,
          48.00138
        ]
      },
      "properties": {
        "order_id": "ORD-0410",
        "plant_id": "PLT-003",
        "plant_name": "Snoqualmie Stone Works",
        "date": "2024-08-10",
        "volume_tons": 396,
        "asp": 16.68,
        "delivery_fee": 13.6,
        "total_asp": 30.28,
        "product": "Crusher Run",
        "product_type": "base",
        "geology": "Limestone",
        "dist_from_plant": 33.57
      }
    },
    {
      "type": "Feature",
      "geometry": {
        "type": "Point",
        "coordinates": [
          -122.17429,
          47.47512
        ]
      },
      "properties": {
        "order_id": "ORD-0411",
        "plant_id": "PLT-003",
        "plant_name": "Snoqualmie Stone Works",
        "date": "2021-10-19",
        "volume_tons": 5734,
        "asp": 15.44,
        "delivery_fee": 6.58,
        "total_asp": 22.02,
        "product": "Crusher Run",
        "product_type": "base",
        "geology": "Limestone",
        "dist_from_plant": 17.81
      }
    },
    {
      "type": "Feature",
      "geometry": {
        "type": "Point",
        "coordinates": [
          -122.15315,
          47.33677
        ]
      },
      "properties": {
        "order_id": "ORD-0412",
        "plant_id": "PLT-003",
        "plant_name": "Snoqualmie Stone Works",
        "date": "2024-04-10",
        "volume_tons": 1064,
        "asp": 15.11,
        "delivery_fee": 7.28,
        "total_asp": 22.39,
        "product": "Crusher Run",
        "product_type": "base",
        "geology": "Limestone",
        "dist_from_plant": 21.06
      }
    },
    {
      "type": "Feature",
      "geometry": {
        "type": "Point",
        "coordinates": [
          -121.61356,
          47.65088
        ]
      },
      "properties": {
        "order_id": "ORD-0413",
        "plant_id": "PLT-003",
        "plant_name": "Snoqualmie Stone Works",
        "date": "2023-02-27",
        "volume_tons": 196,
        "asp": 16.0,
        "delivery_fee": 4.99,
        "total_asp": 20.99,
        "product": "Crusher Run",
        "product_type": "base",
        "geology": "Limestone",
        "dist_from_plant": 13.55
      }
    },
    {
      "type": "Feature",
      "geometry": {
        "type": "Point",
        "coordinates": [
          -122.11106,
          47.24768
        ]
      },
      "properties": {
        "order_id": "ORD-0414",
        "plant_id": "PLT-003",
        "plant_name": "Snoqualmie Stone Works",
        "date": "2020-07-07",
        "volume_tons": 683,
        "asp": 13.79,
        "delivery_fee": 9.37,
        "total_asp": 23.16,
        "product": "Crusher Run",
        "product_type": "base",
        "geology": "Limestone",
        "dist_from_plant": 24.08
      }
    },
    {
      "type": "Feature",
      "geometry": {
        "type": "Point",
        "coordinates": [
          -122.05901,
          47.44361
        ]
      },
      "properties": {
        "order_id": "ORD-0415",
        "plant_id": "PLT-003",
        "plant_name": "Snoqualmie Stone Works",
        "date": "2020-06-26",
        "volume_tons": 474,
        "asp": 14.48,
        "delivery_fee": 4.62,
        "total_asp": 19.1,
        "product": "9mm Chips",
        "product_type": "asphalt_agg",
        "geology": "Limestone",
        "dist_from_plant": 13.06
      }
    },
    {
      "type": "Feature",
      "geometry": {
        "type": "Point",
        "coordinates": [
          -121.36369,
          47.84306
        ]
      },
      "properties": {
        "order_id": "ORD-0416",
        "plant_id": "PLT-003",
        "plant_name": "Snoqualmie Stone Works",
        "date": "2022-01-09",
        "volume_tons": 1650,
        "asp": 16.1,
        "delivery_fee": 11.0,
        "total_asp": 27.1,
        "product": "9mm Chips",
        "product_type": "asphalt_agg",
        "geology": "Limestone",
        "dist_from_plant": 31.68
      }
    },
    {
      "type": "Feature",
      "geometry": {
        "type": "Point",
        "coordinates": [
          -121.79302,
          47.98555
        ]
      },
      "properties": {
        "order_id": "ORD-0417",
        "plant_id": "PLT-003",
        "plant_name": "Snoqualmie Stone Works",
        "date": "2021-01-10",
        "volume_tons": 332,
        "asp": 15.17,
        "delivery_fee": 12.12,
        "total_asp": 27.29,
        "product": "#304 Base",
        "product_type": "base",
        "geology": "Limestone",
        "dist_from_plant": 31.55
      }
    },
    {
      "type": "Feature",
      "geometry": {
        "type": "Point",
        "coordinates": [
          -121.53889,
          47.69267
        ]
      },
      "properties": {
        "order_id": "ORD-0418",
        "plant_id": "PLT-003",
        "plant_name": "Snoqualmie Stone Works",
        "date": "2021-09-24",
        "volume_tons": 5057,
        "asp": 13.38,
        "delivery_fee": 6.74,
        "total_asp": 20.12,
        "product": "#304 Base",
        "product_type": "base",
        "geology": "Limestone",
        "dist_from_plant": 18.27
      }
    },
    {
      "type": "Feature",
      "geometry": {
        "type": "Point",
        "coordinates": [
          -122.16227,
          47.08554
        ]
      },
      "properties": {
        "order_id": "ORD-0419",
        "plant_id": "PLT-003",
        "plant_name": "Snoqualmie Stone Works",
        "date": "2024-12-18",
        "volume_tons": 364,
        "asp": 16.2,
        "delivery_fee": 13.86,
        "total_asp": 30.06,
        "product": "#8 Stone",
        "product_type": "asphalt_agg",
        "geology": "Limestone",
        "dist_from_plant": 34.91
      }
    },
    {
      "type": "Feature",
      "geometry": {
        "type": "Point",
        "coordinates": [
          -121.83798,
          47.16873
        ]
      },
      "properties": {
        "order_id": "ORD-0420",
        "plant_id": "PLT-003",
        "plant_name": "Snoqualmie Stone Works",
        "date": "2023-01-16",
        "volume_tons": 1860,
        "asp": 14.64,
        "delivery_fee": 9.62,
        "total_asp": 24.26,
        "product": "Crusher Run",
        "product_type": "base",
        "geology": "Limestone",
        "dist_from_plant": 24.87
      }
    },
    {
      "type": "Feature",
      "geometry": {
        "type": "Point",
        "coordinates": [
          -122.1266,
          47.1282
        ]
      },
      "properties": {
        "order_id": "ORD-0421",
        "plant_id": "PLT-003",
        "plant_name": "Snoqualmie Stone Works",
        "date": "2023-11-28",
        "volume_tons": 1308,
        "asp": 16.02,
        "delivery_fee": 12.04,
        "total_asp": 28.06,
        "product": "#8 Stone",
        "product_type": "asphalt_agg",
        "geology": "Limestone",
        "dist_from_plant": 31.48
      }
    },
    {
      "type": "Feature",
      "geometry": {
        "type": "Point",
        "coordinates": [
          -121.77867,
          47.16644
        ]
      },
      "properties": {
        "order_id": "ORD-0422",
        "plant_id": "PLT-003",
        "plant_name": "Snoqualmie Stone Works",
        "date": "2022-09-16",
        "volume_tons": 258,
        "asp": 16.59,
        "delivery_fee": 8.66,
        "total_asp": 25.25,
        "product": "9mm Chips",
        "product_type": "asphalt_agg",
        "geology": "Limestone",
        "dist_from_plant": 25.13
      }
    },
    {
      "type": "Feature",
      "geometry": {
        "type": "Point",
        "coordinates": [
          -121.19195,
          47.78942
        ]
      },
      "properties": {
        "order_id": "ORD-0423",
        "plant_id": "PLT-003",
        "plant_name": "Snoqualmie Stone Works",
        "date": "2022-08-24",
        "volume_tons": 1308,
        "asp": 15.54,
        "delivery_fee": 14.57,
        "total_asp": 30.11,
        "product": "Crusher Run",
        "product_type": "base",
        "geology": "Limestone",
        "dist_from_plant": 36.44
      }
    },
    {
      "type": "Feature",
      "geometry": {
        "type": "Point",
        "coordinates": [
          -121.7269,
          47.43918
        ]
      },
      "properties": {
        "order_id": "ORD-0424",
        "plant_id": "PLT-003",
        "plant_name": "Snoqualmie Stone Works",
        "date": "2022-03-14",
        "volume_tons": 9895,
        "asp": 16.25,
        "delivery_fee": 2.77,
        "total_asp": 19.02,
        "product": "#8 Stone",
        "product_type": "asphalt_agg",
        "geology": "Limestone",
        "dist_from_plant": 7.93
      }
    },
    {
      "type": "Feature",
      "geometry": {
        "type": "Point",
        "coordinates": [
          -121.71061,
          47.96752
        ]
      },
      "properties": {
        "order_id": "ORD-0425",
        "plant_id": "PLT-003",
        "plant_name": "Snoqualmie Stone Works",
        "date": "2024-05-16",
        "volume_tons": 959,
        "asp": 16.81,
        "delivery_fee": 10.77,
        "total_asp": 27.58,
        "product": "#304 Base",
        "product_type": "base",
        "geology": "Limestone",
        "dist_from_plant": 30.8
      }
    },
    {
      "type": "Feature",
      "geometry": {
        "type": "Point",
        "coordinates": [
          -121.95436,
          47.93599
        ]
      },
      "properties": {
        "order_id": "ORD-0426",
        "plant_id": "PLT-003",
        "plant_name": "Snoqualmie Stone Works",
        "date": "2021-04-19",
        "volume_tons": 5007,
        "asp": 16.54,
        "delivery_fee": 11.85,
        "total_asp": 28.39,
        "product": "9mm Chips",
        "product_type": "asphalt_agg",
        "geology": "Limestone",
        "dist_from_plant": 28.81
      }
    },
    {
      "type": "Feature",
      "geometry": {
        "type": "Point",
        "coordinates": [
          -121.84921,
          47.39335
        ]
      },
      "properties": {
        "order_id": "ORD-0427",
        "plant_id": "PLT-003",
        "plant_name": "Snoqualmie Stone Works",
        "date": "2020-10-01",
        "volume_tons": 421,
        "asp": 14.26,
        "delivery_fee": 3.58,
        "total_asp": 17.84,
        "product": "#304 Base",
        "product_type": "base",
        "geology": "Limestone",
        "dist_from_plant": 9.43
      }
    },
    {
      "type": "Feature",
      "geometry": {
        "type": "Point",
        "coordinates": [
          -122.15068,
          47.63048
        ]
      },
      "properties": {
        "order_id": "ORD-0428",
        "plant_id": "PLT-003",
        "plant_name": "Snoqualmie Stone Works",
        "date": "2024-12-26",
        "volume_tons": 467,
        "asp": 17.33,
        "delivery_fee": 6.71,
        "total_asp": 24.04,
        "product": "9mm Chips",
        "product_type": "asphalt_agg",
        "geology": "Limestone",
        "dist_from_plant": 17.68
      }
    },
    {
      "type": "Feature",
      "geometry": {
        "type": "Point",
        "coordinates": [
          -121.95127,
          47.50101
        ]
      },
      "properties": {
        "order_id": "ORD-0429",
        "plant_id": "PLT-003",
        "plant_name": "Snoqualmie Stone Works",
        "date": "2024-09-29",
        "volume_tons": 5494,
        "asp": 16.02,
        "delivery_fee": 2.62,
        "total_asp": 18.64,
        "product": "#8 Stone",
        "product_type": "asphalt_agg",
        "geology": "Limestone",
        "dist_from_plant": 6.55
      }
    },
    {
      "type": "Feature",
      "geometry": {
        "type": "Point",
        "coordinates": [
          -121.97512,
          47.73202
        ]
      },
      "properties": {
        "order_id": "ORD-0430",
        "plant_id": "PLT-003",
        "plant_name": "Snoqualmie Stone Works",
        "date": "2021-10-13",
        "volume_tons": 2839,
        "asp": 15.61,
        "delivery_fee": 6.52,
        "total_asp": 22.13,
        "product": "#304 Base",
        "product_type": "base",
        "geology": "Limestone",
        "dist_from_plant": 15.87
      }
    },
    {
      "type": "Feature",
      "geometry": {
        "type": "Point",
        "coordinates": [
          -121.59065,
          47.72967
        ]
      },
      "properties": {
        "order_id": "ORD-0431",
        "plant_id": "PLT-003",
        "plant_name": "Snoqualmie Stone Works",
        "date": "2022-12-16",
        "volume_tons": 1528,
        "asp": 17.33,
        "delivery_fee": 6.33,
        "total_asp": 23.66,
        "product": "#8 Stone",
        "product_type": "asphalt_agg",
        "geology": "Limestone",
        "dist_from_plant": 18.17
      }
    },
    {
      "type": "Feature",
      "geometry": {
        "type": "Point",
        "coordinates": [
          -122.02703,
          47.7924
        ]
      },
      "properties": {
        "order_id": "ORD-0432",
        "plant_id": "PLT-003",
        "plant_name": "Snoqualmie Stone Works",
        "date": "2024-07-01",
        "volume_tons": 1273,
        "asp": 14.56,
        "delivery_fee": 8.52,
        "total_asp": 23.08,
        "product": "Crusher Run",
        "product_type": "base",
        "geology": "Limestone",
        "dist_from_plant": 20.77
      }
    },
    {
      "type": "Feature",
      "geometry": {
        "type": "Point",
        "coordinates": [
          -121.61132,
          47.92778
        ]
      },
      "properties": {
        "order_id": "ORD-0433",
        "plant_id": "PLT-003",
        "plant_name": "Snoqualmie Stone Works",
        "date": "2024-01-02",
        "volume_tons": 758,
        "asp": 17.41,
        "delivery_fee": 10.77,
        "total_asp": 28.18,
        "product": "9mm Chips",
        "product_type": "asphalt_agg",
        "geology": "Limestone",
        "dist_from_plant": 29.54
      }
    },
    {
      "type": "Feature",
      "geometry": {
        "type": "Point",
        "coordinates": [
          -121.4961,
          48.02502
        ]
      },
      "properties": {
        "order_id": "ORD-0434",
        "plant_id": "PLT-003",
        "plant_name": "Snoqualmie Stone Works",
        "date": "2022-03-12",
        "volume_tons": 1958,
        "asp": 13.63,
        "delivery_fee": 13.61,
        "total_asp": 27.24,
        "product": "Crusher Run",
        "product_type": "base",
        "geology": "Limestone",
        "dist_from_plant": 37.99
      }
    },
    {
      "type": "Feature",
      "geometry": {
        "type": "Point",
        "coordinates": [
          -121.27197,
          47.25967
        ]
      },
      "properties": {
        "order_id": "ORD-0435",
        "plant_id": "PLT-003",
        "plant_name": "Snoqualmie Stone Works",
        "date": "2022-11-20",
        "volume_tons": 5543,
        "asp": 15.67,
        "delivery_fee": 12.84,
        "total_asp": 28.51,
        "product": "9mm Chips",
        "product_type": "asphalt_agg",
        "geology": "Limestone",
        "dist_from_plant": 33.36
      }
    },
    {
      "type": "Feature",
      "geometry": {
        "type": "Point",
        "coordinates": [
          -122.27104,
          47.97232
        ]
      },
      "properties": {
        "order_id": "ORD-0436",
        "plant_id": "PLT-003",
        "plant_name": "Snoqualmie Stone Works",
        "date": "2022-03-13",
        "volume_tons": 9920,
        "asp": 14.6,
        "delivery_fee": 13.58,
        "total_asp": 28.18,
        "product": "9mm Chips",
        "product_type": "asphalt_agg",
        "geology": "Limestone",
        "dist_from_plant": 37.83
      }
    },
    {
      "type": "Feature",
      "geometry": {
        "type": "Point",
        "coordinates": [
          -122.0673,
          48.06537
        ]
      },
      "properties": {
        "order_id": "ORD-0437",
        "plant_id": "PLT-003",
        "plant_name": "Snoqualmie Stone Works",
        "date": "2023-05-27",
        "volume_tons": 5001,
        "asp": 17.04,
        "delivery_fee": 14.75,
        "total_asp": 31.79,
        "product": "9mm Chips",
        "product_type": "asphalt_agg",
        "geology": "Limestone",
        "dist_from_plant": 38.93
      }
    },
    {
      "type": "Feature",
      "geometry": {
        "type": "Point",
        "coordinates": [
          -121.87334,
          47.92844
        ]
      },
      "properties": {
        "order_id": "ORD-0438",
        "plant_id": "PLT-003",
        "plant_name": "Snoqualmie Stone Works",
        "date": "2023-09-25",
        "volume_tons": 4707,
        "asp": 15.72,
        "delivery_fee": 10.45,
        "total_asp": 26.17,
        "product": "Crusher Run",
        "product_type": "base",
        "geology": "Limestone",
        "dist_from_plant": 27.66
      }
    },
    {
      "type": "Feature",
      "geometry": {
        "type": "Point",
        "coordinates": [
          -121.11576,
          47.45179
        ]
      },
      "properties": {
        "order_id": "ORD-0439",
        "plant_id": "PLT-003",
        "plant_name": "Snoqualmie Stone Works",
        "date": "2022-04-01",
        "volume_tons": 485,
        "asp": 15.97,
        "delivery_fee": 13.39,
        "total_asp": 29.36,
        "product": "#8 Stone",
        "product_type": "asphalt_agg",
        "geology": "Limestone",
        "dist_from_plant": 35.91
      }
    },
    {
      "type": "Feature",
      "geometry": {
        "type": "Point",
        "coordinates": [
          -122.30859,
          47.11792
        ]
      },
      "properties": {
        "order_id": "ORD-0440",
        "plant_id": "PLT-003",
        "plant_name": "Snoqualmie Stone Works",
        "date": "2022-11-15",
        "volume_tons": 644,
        "asp": 15.55,
        "delivery_fee": 14.9,
        "total_asp": 30.45,
        "product": "#304 Base",
        "product_type": "base",
        "geology": "Limestone",
        "dist_from_plant": 37.24
      }
    },
    {
      "type": "Feature",
      "geometry": {
        "type": "Point",
        "coordinates": [
          -121.55826,
          47.81247
        ]
      },
      "properties": {
        "order_id": "ORD-0441",
        "plant_id": "PLT-003",
        "plant_name": "Snoqualmie Stone Works",
        "date": "2021-12-11",
        "volume_tons": 6094,
        "asp": 14.75,
        "delivery_fee": 9.29,
        "total_asp": 24.04,
        "product": "#8 Stone",
        "product_type": "asphalt_agg",
        "geology": "Limestone",
        "dist_from_plant": 23.7
      }
    },
    {
      "type": "Feature",
      "geometry": {
        "type": "Point",
        "coordinates": [
          -121.664,
          47.02675
        ]
      },
      "properties": {
        "order_id": "ORD-0442",
        "plant_id": "PLT-003",
        "plant_name": "Snoqualmie Stone Works",
        "date": "2024-04-13",
        "volume_tons": 1572,
        "asp": 15.44,
        "delivery_fee": 12.52,
        "total_asp": 27.96,
        "product": "#8 Stone",
        "product_type": "asphalt_agg",
        "geology": "Limestone",
        "dist_from_plant": 35.59
      }
    },
    {
      "type": "Feature",
      "geometry": {
        "type": "Point",
        "coordinates": [
          -121.85432,
          47.05604
        ]
      },
      "properties": {
        "order_id": "ORD-0443",
        "plant_id": "PLT-003",
        "plant_name": "Snoqualmie Stone Works",
        "date": "2022-02-19",
        "volume_tons": 365,
        "asp": 14.81,
        "delivery_fee": 12.01,
        "total_asp": 26.82,
        "product": "Crusher Run",
        "product_type": "base",
        "geology": "Limestone",
        "dist_from_plant": 32.67
      }
    },
    {
      "type": "Feature",
      "geometry": {
        "type": "Point",
        "coordinates": [
          -121.09533,
          47.58536
        ]
      },
      "properties": {
        "order_id": "ORD-0444",
        "plant_id": "PLT-003",
        "plant_name": "Snoqualmie Stone Works",
        "date": "2021-11-05",
        "volume_tons": 3056,
        "asp": 14.32,
        "delivery_fee": 14.8,
        "total_asp": 29.12,
        "product": "Crusher Run",
        "product_type": "base",
        "geology": "Limestone",
        "dist_from_plant": 36.74
      }
    },
    {
      "type": "Feature",
      "geometry": {
        "type": "Point",
        "coordinates": [
          -122.07972,
          47.39725
        ]
      },
      "properties": {
        "order_id": "ORD-0445",
        "plant_id": "PLT-003",
        "plant_name": "Snoqualmie Stone Works",
        "date": "2023-02-28",
        "volume_tons": 1467,
        "asp": 14.85,
        "delivery_fee": 5.79,
        "total_asp": 20.64,
        "product": "#304 Base",
        "product_type": "base",
        "geology": "Limestone",
        "dist_from_plant": 15.61
      }
    },
    {
      "type": "Feature",
      "geometry": {
        "type": "Point",
        "coordinates": [
          -122.19167,
          47.46854
        ]
      },
      "properties": {
        "order_id": "ORD-0446",
        "plant_id": "PLT-003",
        "plant_name": "Snoqualmie Stone Works",
        "date": "2021-11-21",
        "volume_tons": 9849,
        "asp": 15.4,
        "delivery_fee": 6.54,
        "total_asp": 21.94,
        "product": "Crusher Run",
        "product_type": "base",
        "geology": "Limestone",
        "dist_from_plant": 18.75
      }
    },
    {
      "type": "Feature",
      "geometry": {
        "type": "Point",
        "coordinates": [
          -122.31976,
          47.24805
        ]
      },
      "properties": {
        "order_id": "ORD-0447",
        "plant_id": "PLT-003",
        "plant_name": "Snoqualmie Stone Works",
        "date": "2022-04-22",
        "volume_tons": 1224,
        "asp": 15.51,
        "delivery_fee": 12.37,
        "total_asp": 27.88,
        "product": "9mm Chips",
        "product_type": "asphalt_agg",
        "geology": "Limestone",
        "dist_from_plant": 31.39
      }
    },
    {
      "type": "Feature",
      "geometry": {
        "type": "Point",
        "coordinates": [
          -122.14025,
          47.9163
        ]
      },
      "properties": {
        "order_id": "ORD-0448",
        "plant_id": "PLT-003",
        "plant_name": "Snoqualmie Stone Works",
        "date": "2020-10-06",
        "volume_tons": 9295,
        "asp": 13.37,
        "delivery_fee": 11.0,
        "total_asp": 24.37,
        "product": "#304 Base",
        "product_type": "base",
        "geology": "Limestone",
        "dist_from_plant": 31.0
      }
    },
    {
      "type": "Feature",
      "geometry": {
        "type": "Point",
        "coordinates": [
          -122.05947,
          47.00567
        ]
      },
      "properties": {
        "order_id": "ORD-0449",
        "plant_id": "PLT-003",
        "plant_name": "Snoqualmie Stone Works",
        "date": "2023-08-22",
        "volume_tons": 135,
        "asp": 16.47,
        "delivery_fee": 15.58,
        "total_asp": 32.05,
        "product": "Crusher Run",
        "product_type": "base",
        "geology": "Limestone",
        "dist_from_plant": 37.95
      }
    },
    {
      "type": "Feature",
      "geometry": {
        "type": "Point",
        "coordinates": [
          -121.56847,
          47.33965
        ]
      },
      "properties": {
        "order_id": "ORD-0450",
        "plant_id": "PLT-003",
        "plant_name": "Snoqualmie Stone Works",
        "date": "2024-11-02",
        "volume_tons": 222,
        "asp": 17.58,
        "delivery_fee": 7.43,
        "total_asp": 25.01,
        "product": "9mm Chips",
        "product_type": "asphalt_agg",
        "geology": "Limestone",
        "dist_from_plant": 18.34
      }
    },
    {
      "type": "Feature",
      "geometry": {
        "type": "Point",
        "coordinates": [
          -121.62747,
          47.21397
        ]
      },
      "properties": {
        "order_id": "ORD-0451",
        "plant_id": "PLT-003",
        "plant_name": "Snoqualmie Stone Works",
        "date": "2021-12-06",
        "volume_tons": 2969,
        "asp": 14.6,
        "delivery_fee": 8.19,
        "total_asp": 22.79,
        "product": "9mm Chips",
        "product_type": "asphalt_agg",
        "geology": "Limestone",
        "dist_from_plant": 23.9
      }
    },
    {
      "type": "Feature",
      "geometry": {
        "type": "Point",
        "coordinates": [
          -122.1168,
          47.22607
        ]
      },
      "properties": {
        "order_id": "ORD-0452",
        "plant_id": "PLT-003",
        "plant_name": "Snoqualmie Stone Works",
        "date": "2024-08-19",
        "volume_tons": 360,
        "asp": 18.15,
        "delivery_fee": 10.02,
        "total_asp": 28.17,
        "product": "9mm Chips",
        "product_type": "asphalt_agg",
        "geology": "Limestone",
        "dist_from_plant": 25.46
      }
    },
    {
      "type": "Feature",
      "geometry": {
        "type": "Point",
        "coordinates": [
          -121.1854,
          47.20307
        ]
      },
      "properties": {
        "order_id": "ORD-0453",
        "plant_id": "PLT-003",
        "plant_name": "Snoqualmie Stone Works",
        "date": "2024-08-18",
        "volume_tons": 445,
        "asp": 15.89,
        "delivery_fee": 15.06,
        "total_asp": 30.95,
        "product": "9mm Chips",
        "product_type": "asphalt_agg",
        "geology": "Limestone",
        "dist_from_plant": 39.14
      }
    },
    {
      "type": "Feature",
      "geometry": {
        "type": "Point",
        "coordinates": [
          -121.83252,
          47.60625
        ]
      },
      "properties": {
        "order_id": "ORD-0454",
        "plant_id": "PLT-003",
        "plant_name": "Snoqualmie Stone Works",
        "date": "2021-09-21",
        "volume_tons": 1522,
        "asp": 14.94,
        "delivery_fee": 2.12,
        "total_asp": 17.06,
        "product": "Crusher Run",
        "product_type": "base",
        "geology": "Limestone",
        "dist_from_plant": 5.34
      }
    },
    {
      "type": "Feature",
      "geometry": {
        "type": "Point",
        "coordinates": [
          -121.68754,
          47.89232
        ]
      },
      "properties": {
        "order_id": "ORD-0455",
        "plant_id": "PLT-003",
        "plant_name": "Snoqualmie Stone Works",
        "date": "2024-10-11",
        "volume_tons": 2869,
        "asp": 16.59,
        "delivery_fee": 10.45,
        "total_asp": 27.04,
        "product": "Crusher Run",
        "product_type": "base",
        "geology": "Limestone",
        "dist_from_plant": 26.01
      }
    },
    {
      "type": "Feature",
      "geometry": {
        "type": "Point",
        "coordinates": [
          -121.48614,
          47.64672
        ]
      },
      "properties": {
        "order_id": "ORD-0456",
        "plant_id": "PLT-003",
        "plant_name": "Snoqualmie Stone Works",
        "date": "2022-01-12",
        "volume_tons": 139,
        "asp": 16.07,
        "delivery_fee": 7.18,
        "total_asp": 23.25,
        "product": "9mm Chips",
        "product_type": "asphalt_agg",
        "geology": "Limestone",
        "dist_from_plant": 18.83
      }
    },
    {
      "type": "Feature",
      "geometry": {
        "type": "Point",
        "coordinates": [
          -122.43281,
          47.21457
        ]
      },
      "properties": {
        "order_id": "ORD-0457",
        "plant_id": "PLT-003",
        "plant_name": "Snoqualmie Stone Works",
        "date": "2022-02-25",
        "volume_tons": 2942,
        "asp": 15.19,
        "delivery_fee": 13.52,
        "total_asp": 28.71,
        "product": "9mm Chips",
        "product_type": "asphalt_agg",
        "geology": "Limestone",
        "dist_from_plant": 37.3
      }
    },
    {
      "type": "Feature",
      "geometry": {
        "type": "Point",
        "coordinates": [
          -122.26092,
          47.40002
        ]
      },
      "properties": {
        "order_id": "ORD-0458",
        "plant_id": "PLT-003",
        "plant_name": "Snoqualmie Stone Works",
        "date": "2022-09-16",
        "volume_tons": 246,
        "asp": 16.16,
        "delivery_fee": 9.74,
        "total_asp": 25.9,
        "product": "#8 Stone",
        "product_type": "asphalt_agg",
        "geology": "Limestone",
        "dist_from_plant": 23.5
      }
    },
    {
      "type": "Feature",
      "geometry": {
        "type": "Point",
        "coordinates": [
          -122.12324,
          48.01921
        ]
      },
      "properties": {
        "order_id": "ORD-0459",
        "plant_id": "PLT-003",
        "plant_name": "Snoqualmie Stone Works",
        "date": "2023-08-24",
        "volume_tons": 121,
        "asp": 16.12,
        "delivery_fee": 13.28,
        "total_asp": 29.4,
        "product": "Crusher Run",
        "product_type": "base",
        "geology": "Limestone",
        "dist_from_plant": 36.95
      }
    },
    {
      "type": "Feature",
      "geometry": {
        "type": "Point",
        "coordinates": [
          -122.02725,
          47.98759
        ]
      },
      "properties": {
        "order_id": "ORD-0460",
        "plant_id": "PLT-003",
        "plant_name": "Snoqualmie Stone Works",
        "date": "2021-09-08",
        "volume_tons": 1358,
        "asp": 15.1,
        "delivery_fee": 13.53,
        "total_asp": 28.63,
        "product": "#304 Base",
        "product_type": "base",
        "geology": "Limestone",
        "dist_from_plant": 33.2
      }
    },
    {
      "type": "Feature",
      "geometry": {
        "type": "Point",
        "coordinates": [
          -121.84273,
          47.71691
        ]
      },
      "properties": {
        "order_id": "ORD-0461",
        "plant_id": "PLT-003",
        "plant_name": "Snoqualmie Stone Works",
        "date": "2022-04-17",
        "volume_tons": 428,
        "asp": 16.97,
        "delivery_fee": 4.91,
        "total_asp": 21.88,
        "product": "9mm Chips",
        "product_type": "asphalt_agg",
        "geology": "Limestone",
        "dist_from_plant": 12.99
      }
    },
    {
      "type": "Feature",
      "geometry": {
        "type": "Point",
        "coordinates": [
          -122.16353,
          47.00909
        ]
      },
      "properties": {
        "order_id": "ORD-0462",
        "plant_id": "PLT-003",
        "plant_name": "Snoqualmie Stone Works",
        "date": "2020-08-25",
        "volume_tons": 4225,
        "asp": 14.48,
        "delivery_fee": 15.17,
        "total_asp": 29.65,
        "product": "Crusher Run",
        "product_type": "base",
        "geology": "Limestone",
        "dist_from_plant": 39.64
      }
    },
    {
      "type": "Feature",
      "geometry": {
        "type": "Point",
        "coordinates": [
          -121.31321,
          47.45108
        ]
      },
      "properties": {
        "order_id": "ORD-0463",
        "plant_id": "PLT-003",
        "plant_name": "Snoqualmie Stone Works",
        "date": "2024-01-21",
        "volume_tons": 413,
        "asp": 15.88,
        "delivery_fee": 9.02,
        "total_asp": 24.9,
        "product": "#8 Stone",
        "product_type": "asphalt_agg",
        "geology": "Limestone",
        "dist_from_plant": 26.2
      }
    },
    {
      "type": "Feature",
      "geometry": {
        "type": "Point",
        "coordinates": [
          -122.25912,
          47.34802
        ]
      },
      "properties": {
        "order_id": "ORD-0464",
        "plant_id": "PLT-003",
        "plant_name": "Snoqualmie Stone Works",
        "date": "2021-08-29",
        "volume_tons": 387,
        "asp": 13.37,
        "delivery_fee": 9.49,
        "total_asp": 22.86,
        "product": "Crusher Run",
        "product_type": "base",
        "geology": "Limestone",
        "dist_from_plant": 25.0
      }
    },
    {
      "type": "Feature",
      "geometry": {
        "type": "Point",
        "coordinates": [
          -122.44141,
          47.64557
        ]
      },
      "properties": {
        "order_id": "ORD-0465",
        "plant_id": "PLT-003",
        "plant_name": "Snoqualmie Stone Works",
        "date": "2024-12-26",
        "volume_tons": 894,
        "asp": 18.12,
        "delivery_fee": 12.84,
        "total_asp": 30.96,
        "product": "9mm Chips",
        "product_type": "asphalt_agg",
        "geology": "Limestone",
        "dist_from_plant": 31.8
      }
    },
    {
      "type": "Feature",
      "geometry": {
        "type": "Point",
        "coordinates": [
          -121.42549,
          47.33459
        ]
      },
      "properties": {
        "order_id": "ORD-0466",
        "plant_id": "PLT-003",
        "plant_name": "Snoqualmie Stone Works",
        "date": "2021-08-10",
        "volume_tons": 114,
        "asp": 16.43,
        "delivery_fee": 8.45,
        "total_asp": 24.88,
        "product": "#8 Stone",
        "product_type": "asphalt_agg",
        "geology": "Limestone",
        "dist_from_plant": 24.1
      }
    },
    {
      "type": "Feature",
      "geometry": {
        "type": "Point",
        "coordinates": [
          -121.99154,
          47.76294
        ]
      },
      "properties": {
        "order_id": "ORD-0467",
        "plant_id": "PLT-003",
        "plant_name": "Snoqualmie Stone Works",
        "date": "2023-01-05",
        "volume_tons": 4453,
        "asp": 14.32,
        "delivery_fee": 6.5,
        "total_asp": 20.82,
        "product": "#304 Base",
        "product_type": "base",
        "geology": "Limestone",
        "dist_from_plant": 18.14
      }
    },
    {
      "type": "Feature",
      "geometry": {
        "type": "Point",
        "coordinates": [
          -122.03011,
          47.72882
        ]
      },
      "properties": {
        "order_id": "ORD-0468",
        "plant_id": "PLT-003",
        "plant_name": "Snoqualmie Stone Works",
        "date": "2024-09-11",
        "volume_tons": 176,
        "asp": 15.98,
        "delivery_fee": 6.46,
        "total_asp": 22.44,
        "product": "9mm Chips",
        "product_type": "asphalt_agg",
        "geology": "Limestone",
        "dist_from_plant": 17.15
      }
    },
    {
      "type": "Feature",
      "geometry": {
        "type": "Point",
        "coordinates": [
          -122.01708,
          47.55622
        ]
      },
      "properties": {
        "order_id": "ORD-0469",
        "plant_id": "PLT-003",
        "plant_name": "Snoqualmie Stone Works",
        "date": "2023-10-28",
        "volume_tons": 431,
        "asp": 15.99,
        "delivery_fee": 3.4,
        "total_asp": 19.39,
        "product": "#304 Base",
        "product_type": "base",
        "geology": "Limestone",
        "dist_from_plant": 9.74
      }
    },
    {
      "type": "Feature",
      "geometry": {
        "type": "Point",
        "coordinates": [
          -121.46362,
          47.41549
        ]
      },
      "properties": {
        "order_id": "ORD-0470",
        "plant_id": "PLT-003",
        "plant_name": "Snoqualmie Stone Works",
        "date": "2022-08-14",
        "volume_tons": 178,
        "asp": 17.16,
        "delivery_fee": 7.06,
        "total_asp": 24.22,
        "product": "#8 Stone",
        "product_type": "asphalt_agg",
        "geology": "Limestone",
        "dist_from_plant": 19.74
      }
    },
    {
      "type": "Feature",
      "geometry": {
        "type": "Point",
        "coordinates": [
          -122.35572,
          47.23891
        ]
      },
      "properties": {
        "order_id": "ORD-0471",
        "plant_id": "PLT-003",
        "plant_name": "Snoqualmie Stone Works",
        "date": "2021-05-01",
        "volume_tons": 592,
        "asp": 15.36,
        "delivery_fee": 12.73,
        "total_asp": 28.09,
        "product": "#8 Stone",
        "product_type": "asphalt_agg",
        "geology": "Limestone",
        "dist_from_plant": 33.2
      }
    },
    {
      "type": "Feature",
      "geometry": {
        "type": "Point",
        "coordinates": [
          -121.49662,
          47.06069
        ]
      },
      "properties": {
        "order_id": "ORD-0472",
        "plant_id": "PLT-003",
        "plant_name": "Snoqualmie Stone Works",
        "date": "2024-06-28",
        "volume_tons": 456,
        "asp": 15.62,
        "delivery_fee": 14.04,
        "total_asp": 29.66,
        "product": "#8 Stone",
        "product_type": "asphalt_agg",
        "geology": "Limestone",
        "dist_from_plant": 36.27
      }
    },
    {
      "type": "Feature",
      "geometry": {
        "type": "Point",
        "coordinates": [
          -122.53702,
          47.65748
        ]
      },
      "properties": {
        "order_id": "ORD-0473",
        "plant_id": "PLT-003",
        "plant_name": "Snoqualmie Stone Works",
        "date": "2020-07-06",
        "volume_tons": 7858,
        "asp": 13.99,
        "delivery_fee": 15.19,
        "total_asp": 29.18,
        "product": "9mm Chips",
        "product_type": "asphalt_agg",
        "geology": "Limestone",
        "dist_from_plant": 36.64
      }
    },
    {
      "type": "Feature",
      "geometry": {
        "type": "Point",
        "coordinates": [
          -121.59321,
          47.04317
        ]
      },
      "properties": {
        "order_id": "ORD-0474",
        "plant_id": "PLT-003",
        "plant_name": "Snoqualmie Stone Works",
        "date": "2023-12-20",
        "volume_tons": 319,
        "asp": 14.26,
        "delivery_fee": 13.54,
        "total_asp": 27.8,
        "product": "#304 Base",
        "product_type": "base",
        "geology": "Limestone",
        "dist_from_plant": 35.49
      }
    },
    {
      "type": "Feature",
      "geometry": {
        "type": "Point",
        "coordinates": [
          -122.13262,
          47.38197
        ]
      },
      "properties": {
        "order_id": "ORD-0475",
        "plant_id": "PLT-003",
        "plant_name": "Snoqualmie Stone Works",
        "date": "2024-01-16",
        "volume_tons": 5471,
        "asp": 17.34,
        "delivery_fee": 6.41,
        "total_asp": 23.75,
        "product": "#8 Stone",
        "product_type": "asphalt_agg",
        "geology": "Limestone",
        "dist_from_plant": 18.38
      }
    },
    {
      "type": "Feature",
      "geometry": {
        "type": "Point",
        "coordinates": [
          -122.17796,
          47.09987
        ]
      },
      "properties": {
        "order_id": "ORD-0476",
        "plant_id": "PLT-003",
        "plant_name": "Snoqualmie Stone Works",
        "date": "2022-05-22",
        "volume_tons": 270,
        "asp": 15.13,
        "delivery_fee": 13.69,
        "total_asp": 28.82,
        "product": "Crusher Run",
        "product_type": "base",
        "geology": "Limestone",
        "dist_from_plant": 34.44
      }
    },
    {
      "type": "Feature",
      "geometry": {
        "type": "Point",
        "coordinates": [
          -122.17495,
          48.01759
        ]
      },
      "properties": {
        "order_id": "ORD-0477",
        "plant_id": "PLT-003",
        "plant_name": "Snoqualmie Stone Works",
        "date": "2024-02-13",
        "volume_tons": 9735,
        "asp": 17.15,
        "delivery_fee": 15.72,
        "total_asp": 32.87,
        "product": "9mm Chips",
        "product_type": "asphalt_agg",
        "geology": "Limestone",
        "dist_from_plant": 37.96
      }
    },
    {
      "type": "Feature",
      "geometry": {
        "type": "Point",
        "coordinates": [
          -121.20854,
          47.88823
        ]
      },
      "properties": {
        "order_id": "ORD-0478",
        "plant_id": "PLT-003",
        "plant_name": "Snoqualmie Stone Works",
        "date": "2024-01-06",
        "volume_tons": 145,
        "asp": 15.65,
        "delivery_fee": 15.84,
        "total_asp": 31.49,
        "product": "9mm Chips",
        "product_type": "asphalt_agg",
        "geology": "Limestone",
        "dist_from_plant": 39.59
      }
    },
    {
      "type": "Feature",
      "geometry": {
        "type": "Point",
        "coordinates": [
          -121.71478,
          47.73329
        ]
      },
      "properties": {
        "order_id": "ORD-0479",
        "plant_id": "PLT-003",
        "plant_name": "Snoqualmie Stone Works",
        "date": "2023-05-08",
        "volume_tons": 481,
        "asp": 15.91,
        "delivery_fee": 6.04,
        "total_asp": 21.95,
        "product": "9mm Chips",
        "product_type": "asphalt_agg",
        "geology": "Limestone",
        "dist_from_plant": 15.15
      }
    },
    {
      "type": "Feature",
      "geometry": {
        "type": "Point",
        "coordinates": [
          -121.51889,
          47.5726
        ]
      },
      "properties": {
        "order_id": "ORD-0480",
        "plant_id": "PLT-003",
        "plant_name": "Snoqualmie Stone Works",
        "date": "2024-02-26",
        "volume_tons": 1584,
        "asp": 16.9,
        "delivery_fee": 5.81,
        "total_asp": 22.71,
        "product": "9mm Chips",
        "product_type": "asphalt_agg",
        "geology": "Limestone",
        "dist_from_plant": 15.65
      }
    },
    {
      "type": "Feature",
      "geometry": {
        "type": "Point",
        "coordinates": [
          -121.55588,
          47.71235
        ]
      },
      "properties": {
        "order_id": "ORD-0481",
        "plant_id": "PLT-003",
        "plant_name": "Snoqualmie Stone Works",
        "date": "2024-07-06",
        "volume_tons": 4913,
        "asp": 16.01,
        "delivery_fee": 7.51,
        "total_asp": 23.52,
        "product": "9mm Chips",
        "product_type": "asphalt_agg",
        "geology": "Limestone",
        "dist_from_plant": 18.51
      }
    },
    {
      "type": "Feature",
      "geometry": {
        "type": "Point",
        "coordinates": [
          -121.89718,
          47.62247
        ]
      },
      "properties": {
        "order_id": "ORD-0482",
        "plant_id": "PLT-003",
        "plant_name": "Snoqualmie Stone Works",
        "date": "2020-07-07",
        "volume_tons": 256,
        "asp": 15.11,
        "delivery_fee": 2.92,
        "total_asp": 18.03,
        "product": "#8 Stone",
        "product_type": "asphalt_agg",
        "geology": "Limestone",
        "dist_from_plant": 7.37
      }
    },
    {
      "type": "Feature",
      "geometry": {
        "type": "Point",
        "coordinates": [
          -121.841,
          47.58552
        ]
      },
      "properties": {
        "order_id": "ORD-0483",
        "plant_id": "PLT-003",
        "plant_name": "Snoqualmie Stone Works",
        "date": "2023-07-01",
        "volume_tons": 1643,
        "asp": 14.92,
        "delivery_fee": 1.62,
        "total_asp": 16.54,
        "product": "#304 Base",
        "product_type": "base",
        "geology": "Limestone",
        "dist_from_plant": 3.97
      }
    },
    {
      "type": "Feature",
      "geometry": {
        "type": "Point",
        "coordinates": [
          -122.1286,
          47.63791
        ]
      },
      "properties": {
        "order_id": "ORD-0484",
        "plant_id": "PLT-003",
        "plant_name": "Snoqualmie Stone Works",
        "date": "2023-03-14",
        "volume_tons": 1362,
        "asp": 15.27,
        "delivery_fee": 6.94,
        "total_asp": 22.21,
        "product": "#8 Stone",
        "product_type": "asphalt_agg",
        "geology": "Limestone",
        "dist_from_plant": 16.89
      }
    },
    {
      "type": "Feature",
      "geometry": {
        "type": "Point",
        "coordinates": [
          -122.19232,
          47.63562
        ]
      },
      "properties": {
        "order_id": "ORD-0485",
        "plant_id": "PLT-003",
        "plant_name": "Snoqualmie Stone Works",
        "date": "2020-09-13",
        "volume_tons": 423,
        "asp": 13.56,
        "delivery_fee": 7.48,
        "total_asp": 21.04,
        "product": "#304 Base",
        "product_type": "base",
        "geology": "Limestone",
        "dist_from_plant": 19.74
      }
    },
    {
      "type": "Feature",
      "geometry": {
        "type": "Point",
        "coordinates": [
          -122.35822,
          47.73799
        ]
      },
      "properties": {
        "order_id": "ORD-0486",
        "plant_id": "PLT-003",
        "plant_name": "Snoqualmie Stone Works",
        "date": "2022-03-12",
        "volume_tons": 7001,
        "asp": 14.83,
        "delivery_fee": 11.51,
        "total_asp": 26.34,
        "product": "9mm Chips",
        "product_type": "asphalt_agg",
        "geology": "Limestone",
        "dist_from_plant": 30.27
      }
    },
    {
      "type": "Feature",
      "geometry": {
        "type": "Point",
        "coordinates": [
          -122.60251,
          47.57465
        ]
      },
      "properties": {
        "order_id": "ORD-0487",
        "plant_id": "PLT-003",
        "plant_name": "Snoqualmie Stone Works",
        "date": "2023-03-15",
        "volume_tons": 4756,
        "asp": 15.59,
        "delivery_fee": 16.28,
        "total_asp": 31.87,
        "product": "#8 Stone",
        "product_type": "asphalt_agg",
        "geology": "Limestone",
        "dist_from_plant": 38.95
      }
    },
    {
      "type": "Feature",
      "geometry": {
        "type": "Point",
        "coordinates": [
          -122.2289,
          47.96371
        ]
      },
      "properties": {
        "order_id": "ORD-0488",
        "plant_id": "PLT-003",
        "plant_name": "Snoqualmie Stone Works",
        "date": "2023-06-20",
        "volume_tons": 185,
        "asp": 16.15,
        "delivery_fee": 12.75,
        "total_asp": 28.9,
        "product": "#304 Base",
        "product_type": "base",
        "geology": "Limestone",
        "dist_from_plant": 36.13
      }
    },
    {
      "type": "Feature",
      "geometry": {
        "type": "Point",
        "coordinates": [
          -121.57994,
          47.35698
        ]
      },
      "properties": {
        "order_id": "ORD-0489",
        "plant_id": "PLT-003",
        "plant_name": "Snoqualmie Stone Works",
        "date": "2022-08-24",
        "volume_tons": 676,
        "asp": 15.94,
        "delivery_fee": 6.06,
        "total_asp": 22.0,
        "product": "9mm Chips",
        "product_type": "asphalt_agg",
        "geology": "Limestone",
        "dist_from_plant": 17.09
      }
    },
    {
      "type": "Feature",
      "geometry": {
        "type": "Point",
        "coordinates": [
          -121.73185,
          47.79669
        ]
      },
      "properties": {
        "order_id": "ORD-0490",
        "plant_id": "PLT-003",
        "plant_name": "Snoqualmie Stone Works",
        "date": "2022-12-25",
        "volume_tons": 9772,
        "asp": 14.09,
        "delivery_fee": 7.7,
        "total_asp": 21.79,
        "product": "Crusher Run",
        "product_type": "base",
        "geology": "Limestone",
        "dist_from_plant": 19.06
      }
    },
    {
      "type": "Feature",
      "geometry": {
        "type": "Point",
        "coordinates": [
          -121.64887,
          47.19186
        ]
      },
      "properties": {
        "order_id": "ORD-0491",
        "plant_id": "PLT-003",
        "plant_name": "Snoqualmie Stone Works",
        "date": "2023-05-06",
        "volume_tons": 850,
        "asp": 17.48,
        "delivery_fee": 9.33,
        "total_asp": 26.81,
        "product": "#8 Stone",
        "product_type": "asphalt_agg",
        "geology": "Limestone",
        "dist_from_plant": 24.89
      }
    },
    {
      "type": "Feature",
      "geometry": {
        "type": "Point",
        "coordinates": [
          -121.49794,
          47.39659
        ]
      },
      "properties": {
        "order_id": "ORD-0492",
        "plant_id": "PLT-003",
        "plant_name": "Snoqualmie Stone Works",
        "date": "2024-03-23",
        "volume_tons": 787,
        "asp": 15.94,
        "delivery_fee": 7.78,
        "total_asp": 23.72,
        "product": "Crusher Run",
        "product_type": "base",
        "geology": "Limestone",
        "dist_from_plant": 18.78
      }
    },
    {
      "type": "Feature",
      "geometry": {
        "type": "Point",
        "coordinates": [
          -122.37025,
          47.77995
        ]
      },
      "properties": {
        "order_id": "ORD-0493",
        "plant_id": "PLT-003",
        "plant_name": "Snoqualmie Stone Works",
        "date": "2022-05-20",
        "volume_tons": 8095,
        "asp": 14.15,
        "delivery_fee": 12.23,
        "total_asp": 26.38,
        "product": "#304 Base",
        "product_type": "base",
        "geology": "Limestone",
        "dist_from_plant": 32.25
      }
    },
    {
      "type": "Feature",
      "geometry": {
        "type": "Point",
        "coordinates": [
          -122.05513,
          47.08855
        ]
      },
      "properties": {
        "order_id": "ORD-0494",
        "plant_id": "PLT-003",
        "plant_name": "Snoqualmie Stone Works",
        "date": "2023-03-23",
        "volume_tons": 818,
        "asp": 16.78,
        "delivery_fee": 11.79,
        "total_asp": 28.57,
        "product": "#8 Stone",
        "product_type": "asphalt_agg",
        "geology": "Limestone",
        "dist_from_plant": 32.48
      }
    },
    {
      "type": "Feature",
      "geometry": {
        "type": "Point",
        "coordinates": [
          -122.33612,
          47.46609
        ]
      },
      "properties": {
        "order_id": "ORD-0495",
        "plant_id": "PLT-003",
        "plant_name": "Snoqualmie Stone Works",
        "date": "2024-03-23",
        "volume_tons": 9828,
        "asp": 16.52,
        "delivery_fee": 9.76,
        "total_asp": 26.28,
        "product": "#304 Base",
        "product_type": "base",
        "geology": "Limestone",
        "dist_from_plant": 25.87
      }
    },
    {
      "type": "Feature",
      "geometry": {
        "type": "Point",
        "coordinates": [
          -121.64955,
          47.97546
        ]
      },
      "properties": {
        "order_id": "ORD-0496",
        "plant_id": "PLT-003",
        "plant_name": "Snoqualmie Stone Works",
        "date": "2023-06-08",
        "volume_tons": 7082,
        "asp": 16.51,
        "delivery_fee": 12.61,
        "total_asp": 29.12,
        "product": "#8 Stone",
        "product_type": "asphalt_agg",
        "geology": "Limestone",
        "dist_from_plant": 32.04
      }
    },
    {
      "type": "Feature",
      "geometry": {
        "type": "Point",
        "coordinates": [
          -121.37471,
          47.17388
        ]
      },
      "properties": {
        "order_id": "ORD-0497",
        "plant_id": "PLT-003",
        "plant_name": "Snoqualmie Stone Works",
        "date": "2021-10-29",
        "volume_tons": 1832,
        "asp": 15.53,
        "delivery_fee": 12.25,
        "total_asp": 27.78,
        "product": "#8 Stone",
        "product_type": "asphalt_agg",
        "geology": "Limestone",
        "dist_from_plant": 33.31
      }
    },
    {
      "type": "Feature",
      "geometry": {
        "type": "Point",
        "coordinates": [
          -122.00052,
          47.03137
        ]
      },
      "properties": {
        "order_id": "ORD-0498",
        "plant_id": "PLT-003",
        "plant_name": "Snoqualmie Stone Works",
        "date": "2023-11-22",
        "volume_tons": 377,
        "asp": 14.9,
        "delivery_fee": 12.97,
        "total_asp": 27.87,
        "product": "Crusher Run",
        "product_type": "base",
        "geology": "Limestone",
        "dist_from_plant": 35.43
      }
    },
    {
      "type": "Feature",
      "geometry": {
        "type": "Point",
        "coordinates": [
          -121.5601,
          47.86902
        ]
      },
      "properties": {
        "order_id": "ORD-0499",
        "plant_id": "PLT-003",
        "plant_name": "Snoqualmie Stone Works",
        "date": "2021-06-28",
        "volume_tons": 192,
        "asp": 15.3,
        "delivery_fee": 9.94,
        "total_asp": 25.24,
        "product": "#8 Stone",
        "product_type": "asphalt_agg",
        "geology": "Limestone",
        "dist_from_plant": 26.97
      }
    },
    {
      "type": "Feature",
      "geometry": {
        "type": "Point",
        "coordinates": [
          -121.40778,
          47.30084
        ]
      },
      "properties": {
        "order_id": "ORD-0500",
        "plant_id": "PLT-003",
        "plant_name": "Snoqualmie Stone Works",
        "date": "2024-05-01",
        "volume_tons": 9137,
        "asp": 16.57,
        "delivery_fee": 10.87,
        "total_asp": 27.44,
        "product": "9mm Chips",
        "product_type": "asphalt_agg",
        "geology": "Limestone",
        "dist_from_plant": 26.17
      }
    },
    {
      "type": "Feature",
      "geometry": {
        "type": "Point",
        "coordinates": [
          -122.40158,
          47.87537
        ]
      },
      "properties": {
        "order_id": "ORD-0501",
        "plant_id": "PLT-003",
        "plant_name": "Snoqualmie Stone Works",
        "date": "2022-09-14",
        "volume_tons": 202,
        "asp": 15.53,
        "delivery_fee": 15.24,
        "total_asp": 30.77,
        "product": "Crusher Run",
        "product_type": "base",
        "geology": "Limestone",
        "dist_from_plant": 37.41
      }
    },
    {
      "type": "Feature",
      "geometry": {
        "type": "Point",
        "coordinates": [
          -121.35311,
          47.49672
        ]
      },
      "properties": {
        "order_id": "ORD-0502",
        "plant_id": "PLT-003",
        "plant_name": "Snoqualmie Stone Works",
        "date": "2021-12-21",
        "volume_tons": 1121,
        "asp": 14.51,
        "delivery_fee": 9.19,
        "total_asp": 23.7,
        "product": "#304 Base",
        "product_type": "base",
        "geology": "Limestone",
        "dist_from_plant": 23.75
      }
    },
    {
      "type": "Feature",
      "geometry": {
        "type": "Point",
        "coordinates": [
          -121.74958,
          47.59531
        ]
      },
      "properties": {
        "order_id": "ORD-0503",
        "plant_id": "PLT-003",
        "plant_name": "Snoqualmie Stone Works",
        "date": "2022-08-16",
        "volume_tons": 814,
        "asp": 14.05,
        "delivery_fee": 2.11,
        "total_asp": 16.16,
        "product": "Crusher Run",
        "product_type": "base",
        "geology": "Limestone",
        "dist_from_plant": 5.96
      }
    },
    {
      "type": "Feature",
      "geometry": {
        "type": "Point",
        "coordinates": [
          -121.92653,
          47.88425
        ]
      },
      "properties": {
        "order_id": "ORD-0504",
        "plant_id": "PLT-003",
        "plant_name": "Snoqualmie Stone Works",
        "date": "2021-10-26",
        "volume_tons": 295,
        "asp": 16.2,
        "delivery_fee": 9.92,
        "total_asp": 26.12,
        "product": "#8 Stone",
        "product_type": "asphalt_agg",
        "geology": "Limestone",
        "dist_from_plant": 25.02
      }
    },
    {
      "type": "Feature",
      "geometry": {
        "type": "Point",
        "coordinates": [
          -122.12939,
          47.78068
        ]
      },
      "properties": {
        "order_id": "ORD-0505",
        "plant_id": "PLT-003",
        "plant_name": "Snoqualmie Stone Works",
        "date": "2021-12-04",
        "volume_tons": 492,
        "asp": 16.5,
        "delivery_fee": 9.46,
        "total_asp": 25.96,
        "product": "#8 Stone",
        "product_type": "asphalt_agg",
        "geology": "Limestone",
        "dist_from_plant": 23.06
      }
    },
    {
      "type": "Feature",
      "geometry": {
        "type": "Point",
        "coordinates": [
          -122.32463,
          47.86167
        ]
      },
      "properties": {
        "order_id": "ORD-0506",
        "plant_id": "PLT-003",
        "plant_name": "Snoqualmie Stone Works",
        "date": "2023-10-08",
        "volume_tons": 9917,
        "asp": 15.7,
        "delivery_fee": 14.08,
        "total_asp": 29.78,
        "product": "Crusher Run",
        "product_type": "base",
        "geology": "Limestone",
        "dist_from_plant": 33.89
      }
    },
    {
      "type": "Feature",
      "geometry": {
        "type": "Point",
        "coordinates": [
          -121.80642,
          48.10257
        ]
      },
      "properties": {
        "order_id": "ORD-0507",
        "plant_id": "PLT-003",
        "plant_name": "Snoqualmie Stone Works",
        "date": "2021-09-20",
        "volume_tons": 427,
        "asp": 14.6,
        "delivery_fee": 16.19,
        "total_asp": 30.79,
        "product": "#304 Base",
        "product_type": "base",
        "geology": "Limestone",
        "dist_from_plant": 39.59
      }
    },
    {
      "type": "Feature",
      "geometry": {
        "type": "Point",
        "coordinates": [
          -121.09907,
          47.63549
        ]
      },
      "properties": {
        "order_id": "ORD-0508",
        "plant_id": "PLT-003",
        "plant_name": "Snoqualmie Stone Works",
        "date": "2022-07-31",
        "volume_tons": 986,
        "asp": 14.04,
        "delivery_fee": 14.65,
        "total_asp": 28.69,
        "product": "#304 Base",
        "product_type": "base",
        "geology": "Limestone",
        "dist_from_plant": 37.08
      }
    },
    {
      "type": "Feature",
      "geometry": {
        "type": "Point",
        "coordinates": [
          -122.40768,
          47.19639
        ]
      },
      "properties": {
        "order_id": "ORD-0509",
        "plant_id": "PLT-003",
        "plant_name": "Snoqualmie Stone Works",
        "date": "2023-09-10",
        "volume_tons": 398,
        "asp": 16.66,
        "delivery_fee": 13.48,
        "total_asp": 30.14,
        "product": "9mm Chips",
        "product_type": "asphalt_agg",
        "geology": "Limestone",
        "dist_from_plant": 37.05
      }
    },
    {
      "type": "Feature",
      "geometry": {
        "type": "Point",
        "coordinates": [
          -122.29425,
          47.15743
        ]
      },
      "properties": {
        "order_id": "ORD-0510",
        "plant_id": "PLT-003",
        "plant_name": "Snoqualmie Stone Works",
        "date": "2022-11-12",
        "volume_tons": 1869,
        "asp": 15.86,
        "delivery_fee": 14.46,
        "total_asp": 30.32,
        "product": "9mm Chips",
        "product_type": "asphalt_agg",
        "geology": "Limestone",
        "dist_from_plant": 34.72
      }
    },
    {
      "type": "Feature",
      "geometry": {
        "type": "Point",
        "coordinates": [
          -121.88407,
          47.30999
        ]
      },
      "properties": {
        "order_id": "ORD-0511",
        "plant_id": "PLT-003",
        "plant_name": "Snoqualmie Stone Works",
        "date": "2022-09-06",
        "volume_tons": 3588,
        "asp": 15.36,
        "delivery_fee": 5.68,
        "total_asp": 21.04,
        "product": "Crusher Run",
        "product_type": "base",
        "geology": "Limestone",
        "dist_from_plant": 15.39
      }
    },
    {
      "type": "Feature",
      "geometry": {
        "type": "Point",
        "coordinates": [
          -121.7984,
          47.14888
        ]
      },
      "properties": {
        "order_id": "ORD-0512",
        "plant_id": "PLT-003",
        "plant_name": "Snoqualmie Stone Works",
        "date": "2024-07-14",
        "volume_tons": 6512,
        "asp": 17.03,
        "delivery_fee": 10.12,
        "total_asp": 27.15,
        "product": "#8 Stone",
        "product_type": "asphalt_agg",
        "geology": "Limestone",
        "dist_from_plant": 26.26
      }
    },
    {
      "type": "Feature",
      "geometry": {
        "type": "Point",
        "coordinates": [
          -122.56935,
          47.35202
        ]
      },
      "properties": {
        "order_id": "ORD-0513",
        "plant_id": "PLT-003",
        "plant_name": "Snoqualmie Stone Works",
        "date": "2021-05-29",
        "volume_tons": 1673,
        "asp": 16.11,
        "delivery_fee": 13.8,
        "total_asp": 29.91,
        "product": "9mm Chips",
        "product_type": "asphalt_agg",
        "geology": "Limestone",
        "dist_from_plant": 39.12
      }
    },
    {
      "type": "Feature",
      "geometry": {
        "type": "Point",
        "coordinates": [
          -122.23359,
          47.37307
        ]
      },
      "properties": {
        "order_id": "ORD-0514",
        "plant_id": "PLT-003",
        "plant_name": "Snoqualmie Stone Works",
        "date": "2024-09-11",
        "volume_tons": 1188,
        "asp": 16.55,
        "delivery_fee": 8.23,
        "total_asp": 24.78,
        "product": "#8 Stone",
        "product_type": "asphalt_agg",
        "geology": "Limestone",
        "dist_from_plant": 23.05
      }
    },
    {
      "type": "Feature",
      "geometry": {
        "type": "Point",
        "coordinates": [
          -121.81785,
          47.43648
        ]
      },
      "properties": {
        "order_id": "ORD-0515",
        "plant_id": "PLT-003",
        "plant_name": "Snoqualmie Stone Works",
        "date": "2022-06-14",
        "volume_tons": 874,
        "asp": 16.36,
        "delivery_fee": 2.53,
        "total_asp": 18.89,
        "product": "9mm Chips",
        "product_type": "asphalt_agg",
        "geology": "Limestone",
        "dist_from_plant": 6.4
      }
    },
    {
      "type": "Feature",
      "geometry": {
        "type": "Point",
        "coordinates": [
          -122.36545,
          47.19187
        ]
      },
      "properties": {
        "order_id": "ORD-0516",
        "plant_id": "PLT-003",
        "plant_name": "Snoqualmie Stone Works",
        "date": "2020-08-04",
        "volume_tons": 845,
        "asp": 14.98,
        "delivery_fee": 12.4,
        "total_asp": 27.38,
        "product": "9mm Chips",
        "product_type": "asphalt_agg",
        "geology": "Limestone",
        "dist_from_plant": 35.62
      }
    },
    {
      "type": "Feature",
      "geometry": {
        "type": "Point",
        "coordinates": [
          -122.45794,
          47.58526
        ]
      },
      "properties": {
        "order_id": "ORD-0517",
        "plant_id": "PLT-003",
        "plant_name": "Snoqualmie Stone Works",
        "date": "2024-09-29",
        "volume_tons": 322,
        "asp": 17.18,
        "delivery_fee": 10.93,
        "total_asp": 28.11,
        "product": "#8 Stone",
        "product_type": "asphalt_agg",
        "geology": "Limestone",
        "dist_from_plant": 31.83
      }
    },
    {
      "type": "Feature",
      "geometry": {
        "type": "Point",
        "coordinates": [
          -121.67287,
          47.17949
        ]
      },
      "properties": {
        "order_id": "ORD-0518",
        "plant_id": "PLT-003",
        "plant_name": "Snoqualmie Stone Works",
        "date": "2023-08-08",
        "volume_tons": 246,
        "asp": 16.1,
        "delivery_fee": 8.66,
        "total_asp": 24.76,
        "product": "#304 Base",
        "product_type": "base",
        "geology": "Limestone",
        "dist_from_plant": 25.3
      }
    },
    {
      "type": "Feature",
      "geometry": {
        "type": "Point",
        "coordinates": [
          -121.2492,
          47.17827
        ]
      },
      "properties": {
        "order_id": "ORD-0519",
        "plant_id": "PLT-003",
        "plant_name": "Snoqualmie Stone Works",
        "date": "2024-05-27",
        "volume_tons": 426,
        "asp": 17.73,
        "delivery_fee": 13.29,
        "total_asp": 31.02,
        "product": "#8 Stone",
        "product_type": "asphalt_agg",
        "geology": "Limestone",
        "dist_from_plant": 37.65
      }
    },
    {
      "type": "Feature",
      "geometry": {
        "type": "Point",
        "coordinates": [
          -121.44147,
          47.49752
        ]
      },
      "properties": {
        "order_id": "ORD-0520",
        "plant_id": "PLT-003",
        "plant_name": "Snoqualmie Stone Works",
        "date": "2023-08-30",
        "volume_tons": 4194,
        "asp": 15.2,
        "delivery_fee": 7.59,
        "total_asp": 22.79,
        "product": "#304 Base",
        "product_type": "base",
        "geology": "Limestone",
        "dist_from_plant": 19.35
      }
    },
    {
      "type": "Feature",
      "geometry": {
        "type": "Point",
        "coordinates": [
          -121.20636,
          47.20474
        ]
      },
      "properties": {
        "order_id": "ORD-0521",
        "plant_id": "PLT-003",
        "plant_name": "Snoqualmie Stone Works",
        "date": "2024-06-25",
        "volume_tons": 7015,
        "asp": 17.72,
        "delivery_fee": 13.41,
        "total_asp": 31.13,
        "product": "#8 Stone",
        "product_type": "asphalt_agg",
        "geology": "Limestone",
        "dist_from_plant": 38.22
      }
    },
    {
      "type": "Feature",
      "geometry": {
        "type": "Point",
        "coordinates": [
          -121.20342,
          47.65527
        ]
      },
      "properties": {
        "order_id": "ORD-0522",
        "plant_id": "PLT-003",
        "plant_name": "Snoqualmie Stone Works",
        "date": "2024-01-08",
        "volume_tons": 320,
        "asp": 15.22,
        "delivery_fee": 11.63,
        "total_asp": 26.85,
        "product": "#304 Base",
        "product_type": "base",
        "geology": "Limestone",
        "dist_from_plant": 32.33
      }
    },
    {
      "type": "Feature",
      "geometry": {
        "type": "Point",
        "coordinates": [
          -122.22889,
          47.42268
        ]
      },
      "properties": {
        "order_id": "ORD-0523",
        "plant_id": "PLT-003",
        "plant_name": "Snoqualmie Stone Works",
        "date": "2021-06-08",
        "volume_tons": 387,
        "asp": 14.91,
        "delivery_fee": 7.99,
        "total_asp": 22.9,
        "product": "Crusher Run",
        "product_type": "base",
        "geology": "Limestone",
        "dist_from_plant": 21.44
      }
    },
    {
      "type": "Feature",
      "geometry": {
        "type": "Point",
        "coordinates": [
          -121.98277,
          47.82363
        ]
      },
      "properties": {
        "order_id": "ORD-0524",
        "plant_id": "PLT-003",
        "plant_name": "Snoqualmie Stone Works",
        "date": "2022-11-14",
        "volume_tons": 383,
        "asp": 15.64,
        "delivery_fee": 8.07,
        "total_asp": 23.71,
        "product": "Crusher Run",
        "product_type": "base",
        "geology": "Limestone",
        "dist_from_plant": 21.79
      }
    },
    {
      "type": "Feature",
      "geometry": {
        "type": "Point",
        "coordinates": [
          -121.04022,
          47.45551
        ]
      },
      "properties": {
        "order_id": "ORD-0525",
        "plant_id": "PLT-003",
        "plant_name": "Snoqualmie Stone Works",
        "date": "2023-07-05",
        "volume_tons": 177,
        "asp": 15.82,
        "delivery_fee": 14.45,
        "total_asp": 30.27,
        "product": "Crusher Run",
        "product_type": "base",
        "geology": "Limestone",
        "dist_from_plant": 39.61
      }
    },
    {
      "type": "Feature",
      "geometry": {
        "type": "Point",
        "coordinates": [
          -121.05402,
          47.45465
        ]
      },
      "properties": {
        "order_id": "ORD-0526",
        "plant_id": "PLT-003",
        "plant_name": "Snoqualmie Stone Works",
        "date": "2024-08-07",
        "volume_tons": 708,
        "asp": 15.83,
        "delivery_fee": 13.81,
        "total_asp": 29.64,
        "product": "#8 Stone",
        "product_type": "asphalt_agg",
        "geology": "Limestone",
        "dist_from_plant": 38.94
      }
    },
    {
      "type": "Feature",
      "geometry": {
        "type": "Point",
        "coordinates": [
          -122.45497,
          47.81481
        ]
      },
      "properties": {
        "order_id": "ORD-0527",
        "plant_id": "PLT-003",
        "plant_name": "Snoqualmie Stone Works",
        "date": "2020-09-30",
        "volume_tons": 1423,
        "asp": 15.26,
        "delivery_fee": 14.34,
        "total_asp": 29.6,
        "product": "9mm Chips",
        "product_type": "asphalt_agg",
        "geology": "Limestone",
        "dist_from_plant": 37.12
      }
    },
    {
      "type": "Feature",
      "geometry": {
        "type": "Point",
        "coordinates": [
          -121.21542,
          47.59513
        ]
      },
      "properties": {
        "order_id": "ORD-0528",
        "plant_id": "PLT-003",
        "plant_name": "Snoqualmie Stone Works",
        "date": "2020-09-01",
        "volume_tons": 742,
        "asp": 14.0,
        "delivery_fee": 11.31,
        "total_asp": 25.31,
        "product": "#304 Base",
        "product_type": "base",
        "geology": "Limestone",
        "dist_from_plant": 30.87
      }
    },
    {
      "type": "Feature",
      "geometry": {
        "type": "Point",
        "coordinates": [
          -122.25471,
          47.42136
        ]
      },
      "properties": {
        "order_id": "ORD-0529",
        "plant_id": "PLT-003",
        "plant_name": "Snoqualmie Stone Works",
        "date": "2022-02-15",
        "volume_tons": 146,
        "asp": 15.21,
        "delivery_fee": 8.12,
        "total_asp": 23.33,
        "product": "#304 Base",
        "product_type": "base",
        "geology": "Limestone",
        "dist_from_plant": 22.69
      }
    },
    {
      "type": "Feature",
      "geometry": {
        "type": "Point",
        "coordinates": [
          -122.19295,
          47.80717
        ]
      },
      "properties": {
        "order_id": "ORD-0530",
        "plant_id": "PLT-003",
        "plant_name": "Snoqualmie Stone Works",
        "date": "2023-03-12",
        "volume_tons": 6834,
        "asp": 16.28,
        "delivery_fee": 10.2,
        "total_asp": 26.48,
        "product": "#8 Stone",
        "product_type": "asphalt_agg",
        "geology": "Limestone",
        "dist_from_plant": 26.55
      }
    },
    {
      "type": "Feature",
      "geometry": {
        "type": "Point",
        "coordinates": [
          -122.20971,
          47.76422
        ]
      },
      "properties": {
        "order_id": "ORD-0531",
        "plant_id": "PLT-003",
        "plant_name": "Snoqualmie Stone Works",
        "date": "2023-02-02",
        "volume_tons": 9073,
        "asp": 15.04,
        "delivery_fee": 8.99,
        "total_asp": 24.03,
        "product": "Crusher Run",
        "product_type": "base",
        "geology": "Limestone",
        "dist_from_plant": 25.13
      }
    },
    {
      "type": "Feature",
      "geometry": {
        "type": "Point",
        "coordinates": [
          -122.5082,
          47.32809
        ]
      },
      "properties": {
        "order_id": "ORD-0532",
        "plant_id": "PLT-003",
        "plant_name": "Snoqualmie Stone Works",
        "date": "2022-07-13",
        "volume_tons": 3100,
        "asp": 14.07,
        "delivery_fee": 14.78,
        "total_asp": 28.85,
        "product": "Crusher Run",
        "product_type": "base",
        "geology": "Limestone",
        "dist_from_plant": 36.82
      }
    },
    {
      "type": "Feature",
      "geometry": {
        "type": "Point",
        "coordinates": [
          -121.36551,
          47.7636
        ]
      },
      "properties": {
        "order_id": "ORD-0533",
        "plant_id": "PLT-003",
        "plant_name": "Snoqualmie Stone Works",
        "date": "2024-07-11",
        "volume_tons": 1366,
        "asp": 15.54,
        "delivery_fee": 9.88,
        "total_asp": 25.42,
        "product": "9mm Chips",
        "product_type": "asphalt_agg",
        "geology": "Limestone",
        "dist_from_plant": 28.15
      }
    },
    {
      "type": "Feature",
      "geometry": {
        "type": "Point",
        "coordinates": [
          -121.18283,
          47.35994
        ]
      },
      "properties": {
        "order_id": "ORD-0534",
        "plant_id": "PLT-003",
        "plant_name": "Snoqualmie Stone Works",
        "date": "2021-05-06",
        "volume_tons": 495,
        "asp": 16.04,
        "delivery_fee": 14.15,
        "total_asp": 30.19,
        "product": "#8 Stone",
        "product_type": "asphalt_agg",
        "geology": "Limestone",
        "dist_from_plant": 34.21
      }
    },
    {
      "type": "Feature",
      "geometry": {
        "type": "Point",
        "coordinates": [
          -121.28729,
          47.6573
        ]
      },
      "properties": {
        "order_id": "ORD-0535",
        "plant_id": "PLT-003",
        "plant_name": "Snoqualmie Stone Works",
        "date": "2023-06-08",
        "volume_tons": 152,
        "asp": 15.08,
        "delivery_fee": 10.54,
        "total_asp": 25.62,
        "product": "#8 Stone",
        "product_type": "asphalt_agg",
        "geology": "Limestone",
        "dist_from_plant": 28.35
      }
    },
    {
      "type": "Feature",
      "geometry": {
        "type": "Point",
        "coordinates": [
          -122.56381,
          47.54658
        ]
      },
      "properties": {
        "order_id": "ORD-0536",
        "plant_id": "PLT-003",
        "plant_name": "Snoqualmie Stone Works",
        "date": "2024-04-11",
        "volume_tons": 199,
        "asp": 15.51,
        "delivery_fee": 13.69,
        "total_asp": 29.2,
        "product": "9mm Chips",
        "product_type": "asphalt_agg",
        "geology": "Limestone",
        "dist_from_plant": 36.91
      }
    },
    {
      "type": "Feature",
      "geometry": {
        "type": "Point",
        "coordinates": [
          -121.20972,
          47.31569
        ]
      },
      "properties": {
        "order_id": "ORD-0537",
        "plant_id": "PLT-003",
        "plant_name": "Snoqualmie Stone Works",
        "date": "2023-04-08",
        "volume_tons": 1622,
        "asp": 15.05,
        "delivery_fee": 14.2,
        "total_asp": 29.25,
        "product": "9mm Chips",
        "product_type": "asphalt_agg",
        "geology": "Limestone",
        "dist_from_plant": 34.15
      }
    },
    {
      "type": "Feature",
      "geometry": {
        "type": "Point",
        "coordinates": [
          -121.43958,
          47.21595
        ]
      },
      "properties": {
        "order_id": "ORD-0538",
        "plant_id": "PLT-003",
        "plant_name": "Snoqualmie Stone Works",
        "date": "2022-02-09",
        "volume_tons": 474,
        "asp": 13.84,
        "delivery_fee": 10.86,
        "total_asp": 24.7,
        "product": "#304 Base",
        "product_type": "base",
        "geology": "Limestone",
        "dist_from_plant": 28.98
      }
    },
    {
      "type": "Feature",
      "geometry": {
        "type": "Point",
        "coordinates": [
          -122.21022,
          47.78224
        ]
      },
      "properties": {
        "order_id": "ORD-0539",
        "plant_id": "PLT-003",
        "plant_name": "Snoqualmie Stone Works",
        "date": "2023-12-12",
        "volume_tons": 3866,
        "asp": 15.49,
        "delivery_fee": 10.85,
        "total_asp": 26.34,
        "product": "#8 Stone",
        "product_type": "asphalt_agg",
        "geology": "Limestone",
        "dist_from_plant": 25.97
      }
    },
    {
      "type": "Feature",
      "geometry": {
        "type": "Point",
        "coordinates": [
          -121.74129,
          47.22362
        ]
      },
      "properties": {
        "order_id": "ORD-0540",
        "plant_id": "PLT-003",
        "plant_name": "Snoqualmie Stone Works",
        "date": "2022-04-09",
        "volume_tons": 497,
        "asp": 16.29,
        "delivery_fee": 7.85,
        "total_asp": 24.14,
        "product": "9mm Chips",
        "product_type": "asphalt_agg",
        "geology": "Limestone",
        "dist_from_plant": 21.49
      }
    },
    {
      "type": "Feature",
      "geometry": {
        "type": "Point",
        "coordinates": [
          -121.28484,
          47.1811
        ]
      },
      "properties": {
        "order_id": "ORD-0541",
        "plant_id": "PLT-003",
        "plant_name": "Snoqualmie Stone Works",
        "date": "2020-09-16",
        "volume_tons": 4467,
        "asp": 14.94,
        "delivery_fee": 14.41,
        "total_asp": 29.35,
        "product": "9mm Chips",
        "product_type": "asphalt_agg",
        "geology": "Limestone",
        "dist_from_plant": 36.17
      }
    },
    {
      "type": "Feature",
      "geometry": {
        "type": "Point",
        "coordinates": [
          -122.00455,
          47.00549
        ]
      },
      "properties": {
        "order_id": "ORD-0542",
        "plant_id": "PLT-003",
        "plant_name": "Snoqualmie Stone Works",
        "date": "2024-12-20",
        "volume_tons": 1988,
        "asp": 17.4,
        "delivery_fee": 12.98,
        "total_asp": 30.38,
        "product": "9mm Chips",
        "product_type": "asphalt_agg",
        "geology": "Limestone",
        "dist_from_plant": 37.21
      }
    },
    {
      "type": "Feature",
      "geometry": {
        "type": "Point",
        "coordinates": [
          -121.81179,
          48.01011
        ]
      },
      "properties": {
        "order_id": "ORD-0543",
        "plant_id": "PLT-003",
        "plant_name": "Snoqualmie Stone Works",
        "date": "2023-07-31",
        "volume_tons": 5363,
        "asp": 17.11,
        "delivery_fee": 13.41,
        "total_asp": 30.52,
        "product": "#8 Stone",
        "product_type": "asphalt_agg",
        "geology": "Limestone",
        "dist_from_plant": 33.2
      }
    },
    {
      "type": "Feature",
      "geometry": {
        "type": "Point",
        "coordinates": [
          -121.87653,
          48.07701
        ]
      },
      "properties": {
        "order_id": "ORD-0544",
        "plant_id": "PLT-003",
        "plant_name": "Snoqualmie Stone Works",
        "date": "2021-09-29",
        "volume_tons": 164,
        "asp": 15.41,
        "delivery_fee": 14.39,
        "total_asp": 29.8,
        "product": "#8 Stone",
        "product_type": "asphalt_agg",
        "geology": "Limestone",
        "dist_from_plant": 37.9
      }
    },
    {
      "type": "Feature",
      "geometry": {
        "type": "Point",
        "coordinates": [
          -121.46488,
          47.10528
        ]
      },
      "properties": {
        "order_id": "ORD-0545",
        "plant_id": "PLT-003",
        "plant_name": "Snoqualmie Stone Works",
        "date": "2024-08-11",
        "volume_tons": 483,
        "asp": 16.41,
        "delivery_fee": 14.3,
        "total_asp": 30.71,
        "product": "Crusher Run",
        "product_type": "base",
        "geology": "Limestone",
        "dist_from_plant": 34.36
      }
    },
    {
      "type": "Feature",
      "geometry": {
        "type": "Point",
        "coordinates": [
          -122.4696,
          47.43108
        ]
      },
      "properties": {
        "order_id": "ORD-0546",
        "plant_id": "PLT-003",
        "plant_name": "Snoqualmie Stone Works",
        "date": "2023-01-08",
        "volume_tons": 1960,
        "asp": 15.61,
        "delivery_fee": 11.29,
        "total_asp": 26.9,
        "product": "9mm Chips",
        "product_type": "asphalt_agg",
        "geology": "Limestone",
        "dist_from_plant": 32.88
      }
    },
    {
      "type": "Feature",
      "geometry": {
        "type": "Point",
        "coordinates": [
          -122.51515,
          47.66037
        ]
      },
      "properties": {
        "order_id": "ORD-0547",
        "plant_id": "PLT-003",
        "plant_name": "Snoqualmie Stone Works",
        "date": "2024-05-12",
        "volume_tons": 295,
        "asp": 16.93,
        "delivery_fee": 14.52,
        "total_asp": 31.45,
        "product": "#8 Stone",
        "product_type": "asphalt_agg",
        "geology": "Limestone",
        "dist_from_plant": 35.63
      }
    },
    {
      "type": "Feature",
      "geometry": {
        "type": "Point",
        "coordinates": [
          -121.51111,
          47.45613
        ]
      },
      "properties": {
        "order_id": "ORD-0548",
        "plant_id": "PLT-003",
        "plant_name": "Snoqualmie Stone Works",
        "date": "2023-01-11",
        "volume_tons": 212,
        "asp": 15.43,
        "delivery_fee": 6.77,
        "total_asp": 22.2,
        "product": "9mm Chips",
        "product_type": "asphalt_agg",
        "geology": "Limestone",
        "dist_from_plant": 16.53
      }
    },
    {
      "type": "Feature",
      "geometry": {
        "type": "Point",
        "coordinates": [
          -121.97359,
          47.80838
        ]
      },
      "properties": {
        "order_id": "ORD-0549",
        "plant_id": "PLT-003",
        "plant_name": "Snoqualmie Stone Works",
        "date": "2024-11-28",
        "volume_tons": 1726,
        "asp": 15.92,
        "delivery_fee": 7.75,
        "total_asp": 23.67,
        "product": "Crusher Run",
        "product_type": "base",
        "geology": "Limestone",
        "dist_from_plant": 20.64
      }
    },
    {
      "type": "Feature",
      "geometry": {
        "type": "Point",
        "coordinates": [
          -122.34912,
          47.47833
        ]
      },
      "properties": {
        "order_id": "ORD-0550",
        "plant_id": "PLT-003",
        "plant_name": "Snoqualmie Stone Works",
        "date": "2024-09-27",
        "volume_tons": 1906,
        "asp": 15.72,
        "delivery_fee": 9.65,
        "total_asp": 25.37,
        "product": "9mm Chips",
        "product_type": "asphalt_agg",
        "geology": "Limestone",
        "dist_from_plant": 26.39
      }
    },
    {
      "type": "Feature",
      "geometry": {
        "type": "Point",
        "coordinates": [
          -121.60571,
          47.64646
        ]
      },
      "properties": {
        "order_id": "ORD-0551",
        "plant_id": "PLT-003",
        "plant_name": "Snoqualmie Stone Works",
        "date": "2022-04-01",
        "volume_tons": 138,
        "asp": 14.31,
        "delivery_fee": 5.48,
        "total_asp": 19.79,
        "product": "#304 Base",
        "product_type": "base",
        "geology": "Limestone",
        "dist_from_plant": 13.67
      }
    },
    {
      "type": "Feature",
      "geometry": {
        "type": "Point",
        "coordinates": [
          -121.81956,
          47.84771
        ]
      },
      "properties": {
        "order_id": "ORD-0552",
        "plant_id": "PLT-003",
        "plant_name": "Snoqualmie Stone Works",
        "date": "2023-11-05",
        "volume_tons": 4749,
        "asp": 16.03,
        "delivery_fee": 7.73,
        "total_asp": 23.76,
        "product": "#8 Stone",
        "product_type": "asphalt_agg",
        "geology": "Limestone",
        "dist_from_plant": 21.99
      }
    },
    {
      "type": "Feature",
      "geometry": {
        "type": "Point",
        "coordinates": [
          -122.03611,
          47.83422
        ]
      },
      "properties": {
        "order_id": "ORD-0553",
        "plant_id": "PLT-003",
        "plant_name": "Snoqualmie Stone Works",
        "date": "2022-09-29",
        "volume_tons": 1465,
        "asp": 13.82,
        "delivery_fee": 9.2,
        "total_asp": 23.02,
        "product": "Crusher Run",
        "product_type": "base",
        "geology": "Limestone",
        "dist_from_plant": 23.54
      }
    },
    {
      "type": "Feature",
      "geometry": {
        "type": "Point",
        "coordinates": [
          -121.2966,
          47.26167
        ]
      },
      "properties": {
        "order_id": "ORD-0554",
        "plant_id": "PLT-003",
        "plant_name": "Snoqualmie Stone Works",
        "date": "2022-04-29",
        "volume_tons": 445,
        "asp": 15.83,
        "delivery_fee": 11.35,
        "total_asp": 27.18,
        "product": "9mm Chips",
        "product_type": "asphalt_agg",
        "geology": "Limestone",
        "dist_from_plant": 32.26
      }
    },
    {
      "type": "Feature",
      "geometry": {
        "type": "Point",
        "coordinates": [
          -122.09687,
          47.84544
        ]
      },
      "properties": {
        "order_id": "ORD-0555",
        "plant_id": "PLT-003",
        "plant_name": "Snoqualmie Stone Works",
        "date": "2024-04-09",
        "volume_tons": 3083,
        "asp": 15.44,
        "delivery_fee": 10.41,
        "total_asp": 25.85,
        "product": "9mm Chips",
        "product_type": "asphalt_agg",
        "geology": "Limestone",
        "dist_from_plant": 25.69
      }
    },
    {
      "type": "Feature",
      "geometry": {
        "type": "Point",
        "coordinates": [
          -122.51387,
          47.78791
        ]
      },
      "properties": {
        "order_id": "ORD-0556",
        "plant_id": "PLT-003",
        "plant_name": "Snoqualmie Stone Works",
        "date": "2024-12-10",
        "volume_tons": 5908,
        "asp": 14.73,
        "delivery_fee": 14.21,
        "total_asp": 28.94,
        "product": "#304 Base",
        "product_type": "base",
        "geology": "Limestone",
        "dist_from_plant": 38.76
      }
    },
    {
      "type": "Feature",
      "geometry": {
        "type": "Point",
        "coordinates": [
          -122.21157,
          47.78948
        ]
      },
      "properties": {
        "order_id": "ORD-0557",
        "plant_id": "PLT-003",
        "plant_name": "Snoqualmie Stone Works",
        "date": "2023-06-04",
        "volume_tons": 435,
        "asp": 15.69,
        "delivery_fee": 9.83,
        "total_asp": 25.52,
        "product": "Crusher Run",
        "product_type": "base",
        "geology": "Limestone",
        "dist_from_plant": 26.36
      }
    },
    {
      "type": "Feature",
      "geometry": {
        "type": "Point",
        "coordinates": [
          -122.46871,
          47.25955
        ]
      },
      "properties": {
        "order_id": "ORD-0558",
        "plant_id": "PLT-003",
        "plant_name": "Snoqualmie Stone Works",
        "date": "2023-08-13",
        "volume_tons": 107,
        "asp": 15.96,
        "delivery_fee": 14.59,
        "total_asp": 30.55,
        "product": "Crusher Run",
        "product_type": "base",
        "geology": "Limestone",
        "dist_from_plant": 37.13
      }
    },
    {
      "type": "Feature",
      "geometry": {
        "type": "Point",
        "coordinates": [
          -121.52826,
          47.48737
        ]
      },
      "properties": {
        "order_id": "ORD-0559",
        "plant_id": "PLT-003",
        "plant_name": "Snoqualmie Stone Works",
        "date": "2021-01-10",
        "volume_tons": 7937,
        "asp": 15.11,
        "delivery_fee": 6.27,
        "total_asp": 21.38,
        "product": "Crusher Run",
        "product_type": "base",
        "geology": "Limestone",
        "dist_from_plant": 15.16
      }
    },
    {
      "type": "Feature",
      "geometry": {
        "type": "Point",
        "coordinates": [
          -122.02159,
          47.08299
        ]
      },
      "properties": {
        "order_id": "ORD-0560",
        "plant_id": "PLT-003",
        "plant_name": "Snoqualmie Stone Works",
        "date": "2023-05-22",
        "volume_tons": 128,
        "asp": 15.13,
        "delivery_fee": 12.65,
        "total_asp": 27.78,
        "product": "#304 Base",
        "product_type": "base",
        "geology": "Limestone",
        "dist_from_plant": 32.29
      }
    },
    {
      "type": "Feature",
      "geometry": {
        "type": "Point",
        "coordinates": [
          -121.16062,
          47.62376
        ]
      },
      "properties": {
        "order_id": "ORD-0561",
        "plant_id": "PLT-003",
        "plant_name": "Snoqualmie Stone Works",
        "date": "2023-06-12",
        "volume_tons": 378,
        "asp": 14.45,
        "delivery_fee": 13.62,
        "total_asp": 28.07,
        "product": "Crusher Run",
        "product_type": "base",
        "geology": "Limestone",
        "dist_from_plant": 33.91
      }
    },
    {
      "type": "Feature",
      "geometry": {
        "type": "Point",
        "coordinates": [
          -121.74215,
          47.6678
        ]
      },
      "properties": {
        "order_id": "ORD-0562",
        "plant_id": "PLT-003",
        "plant_name": "Snoqualmie Stone Works",
        "date": "2022-09-11",
        "volume_tons": 8553,
        "asp": 14.55,
        "delivery_fee": 4.2,
        "total_asp": 18.75,
        "product": "#304 Base",
        "product_type": "base",
        "geology": "Limestone",
        "dist_from_plant": 10.45
      }
    },
    {
      "type": "Feature",
      "geometry": {
        "type": "Point",
        "coordinates": [
          -121.36002,
          47.79618
        ]
      },
      "properties": {
        "order_id": "ORD-0563",
        "plant_id": "PLT-003",
        "plant_name": "Snoqualmie Stone Works",
        "date": "2023-03-27",
        "volume_tons": 218,
        "asp": 14.01,
        "delivery_fee": 11.09,
        "total_asp": 25.1,
        "product": "#304 Base",
        "product_type": "base",
        "geology": "Limestone",
        "dist_from_plant": 29.71
      }
    },
    {
      "type": "Feature",
      "geometry": {
        "type": "Point",
        "coordinates": [
          -122.30498,
          47.28756
        ]
      },
      "properties": {
        "order_id": "ORD-0564",
        "plant_id": "PLT-003",
        "plant_name": "Snoqualmie Stone Works",
        "date": "2021-09-08",
        "volume_tons": 120,
        "asp": 14.83,
        "delivery_fee": 11.69,
        "total_asp": 26.52,
        "product": "9mm Chips",
        "product_type": "asphalt_agg",
        "geology": "Limestone",
        "dist_from_plant": 29.17
      }
    },
    {
      "type": "Feature",
      "geometry": {
        "type": "Point",
        "coordinates": [
          -121.47766,
          47.07013
        ]
      },
      "properties": {
        "order_id": "ORD-0565",
        "plant_id": "PLT-003",
        "plant_name": "Snoqualmie Stone Works",
        "date": "2020-10-23",
        "volume_tons": 245,
        "asp": 15.1,
        "delivery_fee": 14.73,
        "total_asp": 29.83,
        "product": "Crusher Run",
        "product_type": "base",
        "geology": "Limestone",
        "dist_from_plant": 36.14
      }
    },
    {
      "type": "Feature",
      "geometry": {
        "type": "Point",
        "coordinates": [
          -121.18677,
          47.52381
        ]
      },
      "properties": {
        "order_id": "ORD-0566",
        "plant_id": "PLT-003",
        "plant_name": "Snoqualmie Stone Works",
        "date": "2020-09-16",
        "volume_tons": 7138,
        "asp": 14.47,
        "delivery_fee": 12.77,
        "total_asp": 27.24,
        "product": "#8 Stone",
        "product_type": "asphalt_agg",
        "geology": "Limestone",
        "dist_from_plant": 31.96
      }
    },
    {
      "type": "Feature",
      "geometry": {
        "type": "Point",
        "coordinates": [
          -122.07947,
          47.25253
        ]
      },
      "properties": {
        "order_id": "ORD-0567",
        "plant_id": "PLT-003",
        "plant_name": "Snoqualmie Stone Works",
        "date": "2024-08-02",
        "volume_tons": 667,
        "asp": 16.19,
        "delivery_fee": 8.36,
        "total_asp": 24.55,
        "product": "#8 Stone",
        "product_type": "asphalt_agg",
        "geology": "Limestone",
        "dist_from_plant": 22.9
      }
    },
    {
      "type": "Feature",
      "geometry": {
        "type": "Point",
        "coordinates": [
          -121.26161,
          47.82153
        ]
      },
      "properties": {
        "order_id": "ORD-0568",
        "plant_id": "PLT-003",
        "plant_name": "Snoqualmie Stone Works",
        "date": "2023-12-15",
        "volume_tons": 9098,
        "asp": 17.83,
        "delivery_fee": 13.48,
        "total_asp": 31.31,
        "product": "9mm Chips",
        "product_type": "asphalt_agg",
        "geology": "Limestone",
        "dist_from_plant": 34.69
      }
    },
    {
      "type": "Feature",
      "geometry": {
        "type": "Point",
        "coordinates": [
          -121.51882,
          47.28188
        ]
      },
      "properties": {
        "order_id": "ORD-0569",
        "plant_id": "PLT-003",
        "plant_name": "Snoqualmie Stone Works",
        "date": "2023-06-21",
        "volume_tons": 453,
        "asp": 14.34,
        "delivery_fee": 9.54,
        "total_asp": 23.88,
        "product": "Crusher Run",
        "product_type": "base",
        "geology": "Limestone",
        "dist_from_plant": 22.95
      }
    },
    {
      "type": "Feature",
      "geometry": {
        "type": "Point",
        "coordinates": [
          -121.20819,
          47.76455
        ]
      },
      "properties": {
        "order_id": "ORD-0570",
        "plant_id": "PLT-003",
        "plant_name": "Snoqualmie Stone Works",
        "date": "2023-08-22",
        "volume_tons": 3607,
        "asp": 14.86,
        "delivery_fee": 13.7,
        "total_asp": 28.56,
        "product": "Crusher Run",
        "product_type": "base",
        "geology": "Limestone",
        "dist_from_plant": 34.91
      }
    },
    {
      "type": "Feature",
      "geometry": {
        "type": "Point",
        "coordinates": [
          -121.76878,
          46.95885
        ]
      },
      "properties": {
        "order_id": "ORD-0571",
        "plant_id": "PLT-003",
        "plant_name": "Snoqualmie Stone Works",
        "date": "2020-07-24",
        "volume_tons": 1368,
        "asp": 14.68,
        "delivery_fee": 15.5,
        "total_asp": 30.18,
        "product": "Crusher Run",
        "product_type": "base",
        "geology": "Limestone",
        "dist_from_plant": 39.44
      }
    },
    {
      "type": "Feature",
      "geometry": {
        "type": "Point",
        "coordinates": [
          -121.4912,
          47.02955
        ]
      },
      "properties": {
        "order_id": "ORD-0572",
        "plant_id": "PLT-003",
        "plant_name": "Snoqualmie Stone Works",
        "date": "2023-01-28",
        "volume_tons": 3669,
        "asp": 13.97,
        "delivery_fee": 13.76,
        "total_asp": 27.73,
        "product": "Crusher Run",
        "product_type": "base",
        "geology": "Limestone",
        "dist_from_plant": 38.31
      }
    },
    {
      "type": "Feature",
      "geometry": {
        "type": "Point",
        "coordinates": [
          -121.53366,
          47.57718
        ]
      },
      "properties": {
        "order_id": "ORD-0573",
        "plant_id": "PLT-003",
        "plant_name": "Snoqualmie Stone Works",
        "date": "2022-09-27",
        "volume_tons": 412,
        "asp": 14.19,
        "delivery_fee": 6.21,
        "total_asp": 20.4,
        "product": "Crusher Run",
        "product_type": "base",
        "geology": "Limestone",
        "dist_from_plant": 14.99
      }
    },
    {
      "type": "Feature",
      "geometry": {
        "type": "Point",
        "coordinates": [
          -122.23551,
          47.24305
        ]
      },
      "properties": {
        "order_id": "ORD-0574",
        "plant_id": "PLT-003",
        "plant_name": "Snoqualmie Stone Works",
        "date": "2023-08-04",
        "volume_tons": 198,
        "asp": 15.47,
        "delivery_fee": 10.89,
        "total_asp": 26.36,
        "product": "#8 Stone",
        "product_type": "asphalt_agg",
        "geology": "Limestone",
        "dist_from_plant": 28.44
      }
    },
    {
      "type": "Feature",
      "geometry": {
        "type": "Point",
        "coordinates": [
          -121.74758,
          47.72286
        ]
      },
      "properties": {
        "order_id": "ORD-0575",
        "plant_id": "PLT-003",
        "plant_name": "Snoqualmie Stone Works",
        "date": "2023-01-30",
        "volume_tons": 922,
        "asp": 16.83,
        "delivery_fee": 5.59,
        "total_asp": 22.42,
        "product": "#8 Stone",
        "product_type": "asphalt_agg",
        "geology": "Limestone",
        "dist_from_plant": 13.94
      }
    },
    {
      "type": "Feature",
      "geometry": {
        "type": "Point",
        "coordinates": [
          -122.51843,
          47.57795
        ]
      },
      "properties": {
        "order_id": "ORD-0576",
        "plant_id": "PLT-003",
        "plant_name": "Snoqualmie Stone Works",
        "date": "2021-03-06",
        "volume_tons": 182,
        "asp": 14.56,
        "delivery_fee": 14.49,
        "total_asp": 29.05,
        "product": "9mm Chips",
        "product_type": "asphalt_agg",
        "geology": "Limestone",
        "dist_from_plant": 34.79
      }
    },
    {
      "type": "Feature",
      "geometry": {
        "type": "Point",
        "coordinates": [
          -122.39093,
          47.80437
        ]
      },
      "properties": {
        "order_id": "ORD-0577",
        "plant_id": "PLT-003",
        "plant_name": "Snoqualmie Stone Works",
        "date": "2022-08-04",
        "volume_tons": 2932,
        "asp": 14.93,
        "delivery_fee": 13.33,
        "total_asp": 28.26,
        "product": "#8 Stone",
        "product_type": "asphalt_agg",
        "geology": "Limestone",
        "dist_from_plant": 34.04
      }
    },
    {
      "type": "Feature",
      "geometry": {
        "type": "Point",
        "coordinates": [
          -122.52517,
          47.67712
        ]
      },
      "properties": {
        "order_id": "ORD-0578",
        "plant_id": "PLT-003",
        "plant_name": "Snoqualmie Stone Works",
        "date": "2021-11-17",
        "volume_tons": 355,
        "asp": 15.26,
        "delivery_fee": 15.17,
        "total_asp": 30.43,
        "product": "#8 Stone",
        "product_type": "asphalt_agg",
        "geology": "Limestone",
        "dist_from_plant": 36.42
      }
    },
    {
      "type": "Feature",
      "geometry": {
        "type": "Point",
        "coordinates": [
          -121.11311,
          47.47731
        ]
      },
      "properties": {
        "order_id": "ORD-0579",
        "plant_id": "PLT-003",
        "plant_name": "Snoqualmie Stone Works",
        "date": "2022-04-06",
        "volume_tons": 362,
        "asp": 16.43,
        "delivery_fee": 14.7,
        "total_asp": 31.13,
        "product": "9mm Chips",
        "product_type": "asphalt_agg",
        "geology": "Limestone",
        "dist_from_plant": 35.82
      }
    },
    {
      "type": "Feature",
      "geometry": {
        "type": "Point",
        "coordinates": [
          -121.61375,
          47.12677
        ]
      },
      "properties": {
        "order_id": "ORD-0580",
        "plant_id": "PLT-003",
        "plant_name": "Snoqualmie Stone Works",
        "date": "2021-05-01",
        "volume_tons": 8775,
        "asp": 14.52,
        "delivery_fee": 12.14,
        "total_asp": 26.66,
        "product": "#304 Base",
        "product_type": "base",
        "geology": "Limestone",
        "dist_from_plant": 29.71
      }
    },
    {
      "type": "Feature",
      "geometry": {
        "type": "Point",
        "coordinates": [
          -121.50126,
          47.74898
        ]
      },
      "properties": {
        "order_id": "ORD-0581",
        "plant_id": "PLT-003",
        "plant_name": "Snoqualmie Stone Works",
        "date": "2022-10-16",
        "volume_tons": 2675,
        "asp": 14.98,
        "delivery_fee": 7.79,
        "total_asp": 22.77,
        "product": "#304 Base",
        "product_type": "base",
        "geology": "Limestone",
        "dist_from_plant": 22.23
      }
    },
    {
      "type": "Feature",
      "geometry": {
        "type": "Point",
        "coordinates": [
          -121.88293,
          47.80978
        ]
      },
      "properties": {
        "order_id": "ORD-0582",
        "plant_id": "PLT-003",
        "plant_name": "Snoqualmie Stone Works",
        "date": "2024-08-28",
        "volume_tons": 7852,
        "asp": 16.52,
        "delivery_fee": 7.51,
        "total_asp": 24.03,
        "product": "#8 Stone",
        "product_type": "asphalt_agg",
        "geology": "Limestone",
        "dist_from_plant": 19.58
      }
    },
    {
      "type": "Feature",
      "geometry": {
        "type": "Point",
        "coordinates": [
          -122.47038,
          47.32308
        ]
      },
      "properties": {
        "order_id": "ORD-0583",
        "plant_id": "PLT-003",
        "plant_name": "Snoqualmie Stone Works",
        "date": "2022-03-26",
        "volume_tons": 399,
        "asp": 14.23,
        "delivery_fee": 12.34,
        "total_asp": 26.57,
        "product": "#304 Base",
        "product_type": "base",
        "geology": "Limestone",
        "dist_from_plant": 35.21
      }
    },
    {
      "type": "Feature",
      "geometry": {
        "type": "Point",
        "coordinates": [
          -121.55156,
          47.94351
        ]
      },
      "properties": {
        "order_id": "ORD-0584",
        "plant_id": "PLT-003",
        "plant_name": "Snoqualmie Stone Works",
        "date": "2022-08-08",
        "volume_tons": 9328,
        "asp": 16.42,
        "delivery_fee": 12.75,
        "total_asp": 29.17,
        "product": "9mm Chips",
        "product_type": "asphalt_agg",
        "geology": "Limestone",
        "dist_from_plant": 31.72
      }
    },
    {
      "type": "Feature",
      "geometry": {
        "type": "Point",
        "coordinates": [
          -122.08519,
          47.90192
        ]
      },
      "properties": {
        "order_id": "ORD-0585",
        "plant_id": "PLT-003",
        "plant_name": "Snoqualmie Stone Works",
        "date": "2020-12-21",
        "volume_tons": 782,
        "asp": 13.19,
        "delivery_fee": 11.47,
        "total_asp": 24.66,
        "product": "Crusher Run",
        "product_type": "base",
        "geology": "Limestone",
        "dist_from_plant": 28.81
      }
    },
    {
      "type": "Feature",
      "geometry": {
        "type": "Point",
        "coordinates": [
          -122.271,
          47.38548
        ]
      },
      "properties": {
        "order_id": "ORD-0586",
        "plant_id": "PLT-003",
        "plant_name": "Snoqualmie Stone Works",
        "date": "2023-01-08",
        "volume_tons": 1609,
        "asp": 15.96,
        "delivery_fee": 9.73,
        "total_asp": 25.69,
        "product": "9mm Chips",
        "product_type": "asphalt_agg",
        "geology": "Limestone",
        "dist_from_plant": 24.35
      }
    },
    {
      "type": "Feature",
      "geometry": {
        "type": "Point",
        "coordinates": [
          -121.47543,
          47.91012
        ]
      },
      "properties": {
        "order_id": "ORD-0587",
        "plant_id": "PLT-003",
        "plant_name": "Snoqualmie Stone Works",
        "date": "2024-12-28",
        "volume_tons": 1434,
        "asp": 18.36,
        "delivery_fee": 13.11,
        "total_asp": 31.47,
        "product": "#8 Stone",
        "product_type": "asphalt_agg",
        "geology": "Limestone",
        "dist_from_plant": 31.6
      }
    },
    {
      "type": "Feature",
      "geometry": {
        "type": "Point",
        "coordinates": [
          -122.36863,
          47.67458
        ]
      },
      "properties": {
        "order_id": "ORD-0588",
        "plant_id": "PLT-003",
        "plant_name": "Snoqualmie Stone Works",
        "date": "2022-04-24",
        "volume_tons": 4085,
        "asp": 14.86,
        "delivery_fee": 11.71,
        "total_asp": 26.57,
        "product": "#304 Base",
        "product_type": "base",
        "geology": "Limestone",
        "dist_from_plant": 28.93
      }
    },
    {
      "type": "Feature",
      "geometry": {
        "type": "Point",
        "coordinates": [
          -121.31512,
          47.30847
        ]
      },
      "properties": {
        "order_id": "ORD-0589",
        "plant_id": "PLT-003",
        "plant_name": "Snoqualmie Stone Works",
        "date": "2023-10-25",
        "volume_tons": 1595,
        "asp": 16.95,
        "delivery_fee": 10.28,
        "total_asp": 27.23,
        "product": "9mm Chips",
        "product_type": "asphalt_agg",
        "geology": "Limestone",
        "dist_from_plant": 29.73
      }
    },
    {
      "type": "Feature",
      "geometry": {
        "type": "Point",
        "coordinates": [
          -121.8808,
          47.00134
        ]
      },
      "properties": {
        "order_id": "ORD-0590",
        "plant_id": "PLT-003",
        "plant_name": "Snoqualmie Stone Works",
        "date": "2021-02-21",
        "volume_tons": 442,
        "asp": 13.99,
        "delivery_fee": 13.44,
        "total_asp": 27.43,
        "product": "#304 Base",
        "product_type": "base",
        "geology": "Limestone",
        "dist_from_plant": 36.51
      }
    },
    {
      "type": "Feature",
      "geometry": {
        "type": "Point",
        "coordinates": [
          -121.3345,
          47.55352
        ]
      },
      "properties": {
        "order_id": "ORD-0591",
        "plant_id": "PLT-003",
        "plant_name": "Snoqualmie Stone Works",
        "date": "2022-12-10",
        "volume_tons": 106,
        "asp": 15.7,
        "delivery_fee": 9.8,
        "total_asp": 25.5,
        "product": "#8 Stone",
        "product_type": "asphalt_agg",
        "geology": "Limestone",
        "dist_from_plant": 24.63
      }
    },
    {
      "type": "Feature",
      "geometry": {
        "type": "Point",
        "coordinates": [
          -121.51432,
          47.98043
        ]
      },
      "properties": {
        "order_id": "ORD-0592",
        "plant_id": "PLT-003",
        "plant_name": "Snoqualmie Stone Works",
        "date": "2021-05-03",
        "volume_tons": 210,
        "asp": 14.62,
        "delivery_fee": 13.65,
        "total_asp": 28.27,
        "product": "9mm Chips",
        "product_type": "asphalt_agg",
        "geology": "Limestone",
        "dist_from_plant": 34.83
      }
    },
    {
      "type": "Feature",
      "geometry": {
        "type": "Point",
        "coordinates": [
          -121.58103,
          47.82678
        ]
      },
      "properties": {
        "order_id": "ORD-0593",
        "plant_id": "PLT-003",
        "plant_name": "Snoqualmie Stone Works",
        "date": "2021-07-22",
        "volume_tons": 352,
        "asp": 14.42,
        "delivery_fee": 9.27,
        "total_asp": 23.69,
        "product": "9mm Chips",
        "product_type": "asphalt_agg",
        "geology": "Limestone",
        "dist_from_plant": 23.92
      }
    },
    {
      "type": "Feature",
      "geometry": {
        "type": "Point",
        "coordinates": [
          -121.6927,
          47.63324
        ]
      },
      "properties": {
        "order_id": "ORD-0594",
        "plant_id": "PLT-003",
        "plant_name": "Snoqualmie Stone Works",
        "date": "2024-04-29",
        "volume_tons": 854,
        "asp": 17.82,
        "delivery_fee": 3.94,
        "total_asp": 21.76,
        "product": "#8 Stone",
        "product_type": "asphalt_agg",
        "geology": "Limestone",
        "dist_from_plant": 9.81
      }
    },
    {
      "type": "Feature",
      "geometry": {
        "type": "Point",
        "coordinates": [
          -121.91169,
          47.35077
        ]
      },
      "properties": {
        "order_id": "ORD-0595",
        "plant_id": "PLT-003",
        "plant_name": "Snoqualmie Stone Works",
        "date": "2021-06-10",
        "volume_tons": 371,
        "asp": 13.44,
        "delivery_fee": 5.24,
        "total_asp": 18.68,
        "product": "Crusher Run",
        "product_type": "base",
        "geology": "Limestone",
        "dist_from_plant": 13.02
      }
    },
    {
      "type": "Feature",
      "geometry": {
        "type": "Point",
        "coordinates": [
          -121.5474,
          47.24477
        ]
      },
      "properties": {
        "order_id": "ORD-0596",
        "plant_id": "PLT-003",
        "plant_name": "Snoqualmie Stone Works",
        "date": "2024-07-02",
        "volume_tons": 370,
        "asp": 15.12,
        "delivery_fee": 8.71,
        "total_asp": 23.83,
        "product": "#304 Base",
        "product_type": "base",
        "geology": "Limestone",
        "dist_from_plant": 24.06
      }
    },
    {
      "type": "Feature",
      "geometry": {
        "type": "Point",
        "coordinates": [
          -121.31715,
          47.67867
        ]
      },
      "properties": {
        "order_id": "ORD-0597",
        "plant_id": "PLT-003",
        "plant_name": "Snoqualmie Stone Works",
        "date": "2023-05-26",
        "volume_tons": 492,
        "asp": 15.89,
        "delivery_fee": 9.64,
        "total_asp": 25.53,
        "product": "Crusher Run",
        "product_type": "base",
        "geology": "Limestone",
        "dist_from_plant": 27.46
      }
    },
    {
      "type": "Feature",
      "geometry": {
        "type": "Point",
        "coordinates": [
          -121.70732,
          47.71339
        ]
      },
      "properties": {
        "order_id": "ORD-0598",
        "plant_id": "PLT-003",
        "plant_name": "Snoqualmie Stone Works",
        "date": "2023-08-21",
        "volume_tons": 1173,
        "asp": 16.47,
        "delivery_fee": 5.12,
        "total_asp": 21.59,
        "product": "Crusher Run",
        "product_type": "base",
        "geology": "Limestone",
        "dist_from_plant": 14.04
      }
    },
    {
      "type": "Feature",
      "geometry": {
        "type": "Point",
        "coordinates": [
          -122.28941,
          47.32551
        ]
      },
      "properties": {
        "order_id": "ORD-0599",
        "plant_id": "PLT-003",
        "plant_name": "Snoqualmie Stone Works",
        "date": "2022-09-10",
        "volume_tons": 5502,
        "asp": 14.28,
        "delivery_fee": 10.49,
        "total_asp": 24.77,
        "product": "#304 Base",
        "product_type": "base",
        "geology": "Limestone",
        "dist_from_plant": 27.09
      }
    },
    {
      "type": "Feature",
      "geometry": {
        "type": "Point",
        "coordinates": [
          -122.33332,
          47.64588
        ]
      },
      "properties": {
        "order_id": "ORD-0600",
        "plant_id": "PLT-003",
        "plant_name": "Snoqualmie Stone Works",
        "date": "2020-08-11",
        "volume_tons": 1281,
        "asp": 13.99,
        "delivery_fee": 11.02,
        "total_asp": 25.01,
        "product": "Crusher Run",
        "product_type": "base",
        "geology": "Limestone",
        "dist_from_plant": 26.62
      }
    }
  ]
}